time(second),Year,Month,Day,Hour,Minute,Second,latitude,longitude,height_above_takeoff(meters),height_above_ground_at_drone_location(meters),ground_elevation_at_drone_location(meters),altitude_above_seaLevel(meters),height_sonar(meters),speed(mps),distance(meters),mileage(meters),altitude(meters),xSpeed(mps),ySpeed(mps),zSpeed(mps),ascent(meters),flycStateRaw,isPhoto,isVideo,height_velocity_integration(meter),height_correction(meter)
0.0,2024.0,11.0,30.0,11.0,44.0,58.0,46.341162,-119.26482200000001,0.65,0.65,105.5157471,106.1657471,0.7000000000000001,0.43000000000000005,0.0,0.0,106.1657471,0.0,0.0,-0.43000000000000005,0.65,11.0,0.0,1.0,0.0,0.0
1.0,2024.0,11.0,30.0,11.0,44.0,59.0,46.341162,-119.26482200000001,1.0899999999999999,1.0899999999999999,105.5157471,106.6057471,1.1299999999999997,0.22000000000000003,0.0,0.0,106.6057471,0.0,0.0,-0.22000000000000003,1.0899999999999999,13.0,0.0,1.0,0.32500000000000007,0.0
2.0,2024.0,11.0,30.0,11.0,45.0,0.0,46.341162,-119.2648222,1.4,1.3980000000000001,105.5177471,106.9157471,1.4100000000000001,0.29410000000000003,0.01535452,0.01535452,106.9157471,-0.01,0.01,-0.28,1.4,17.0,0.0,1.0,0.5750000000000001,0.0
3.0,2024.0,11.0,30.0,11.0,45.0,1.0,46.3411603,-119.26481909999998,1.5,1.515,105.50074709999998,107.0157471,1.52,0.8596,0.29341589999999995,0.4753976000000001,107.0157471,-0.5599999999999999,0.65,0.0,1.5,17.0,0.0,1.0,0.7150000000000001,0.0
4.0,2024.0,11.0,30.0,11.0,45.0,2.0,46.3411512,-119.26480489999999,1.4300000000000002,1.529,105.4167471,106.94574709999999,1.67,2.1004999999999994,1.7798026999999998,2.022992,106.94574709999999,-1.47,1.5,0.0,1.4300000000000002,17.0,0.0,1.0,0.7150000000000001,0.0
5.0,2024.0,11.0,30.0,11.0,45.0,3.0,46.341137,-119.26478449999999,1.4,1.623,105.2927471,106.9157471,1.81,1.973,4.002318999999999,4.2758519999999995,106.9157471,-1.4,1.3900000000000001,0.0,1.4,17.0,0.0,1.0,0.7150000000000001,0.0
6.0,2024.0,11.0,30.0,11.0,45.0,4.0,46.34112689999999,-119.26477,1.4,1.7109999999999999,105.2047471,106.9157471,1.89,0.7482,5.583373,5.917554,106.9157471,-0.5,0.55,0.0,1.4,17.0,0.0,1.0,0.7150000000000001,0.0
7.0,2024.0,11.0,30.0,11.0,45.0,5.0,46.34112540000001,-119.26476710000001,1.4,1.7269999999999999,105.18874710000003,106.9157471,1.89,0.2764,5.859305000000001,6.483867000000001,106.9157471,0.2,-0.19,0.0,1.4,17.0,0.0,1.0,0.7150000000000001,0.0
8.0,2024.0,11.0,30.0,11.0,45.0,6.0,46.34112760000001,-119.26477049999998,1.4,1.705,105.2107471,106.9157471,1.89,0.23759999999999998,5.501628999999999,6.952052999999999,106.9157471,0.15,-0.15,-0.030000000000000006,1.4,17.0,0.0,1.0,0.7300000000000001,0.0
9.0,2024.0,11.0,30.0,11.0,45.0,7.0,46.3411278,-119.264772,1.46,1.7600000000000002,105.2157471,106.97574709999999,1.94,0.0723,5.403771999999999,7.13394,106.97574709999999,-0.06,0.030000000000000006,0.0,1.46,17.0,0.0,1.0,0.7450000000000001,0.0
10.0,2024.0,11.0,30.0,11.0,45.0,8.0,46.34112660000001,-119.2647704,1.5,1.811,105.2047471,107.0157471,2.0,0.1246,5.584947,7.390219,107.0157471,-0.06000000000000001,0.1,0.0,1.5,17.0,0.0,1.0,0.7450000000000001,0.0
11.0,2024.0,11.0,30.0,11.0,45.0,9.0,46.34112600000001,-119.26476830000001,1.45,1.7700000000000002,105.19574710000002,106.9657471,1.9199999999999995,0.06999999999999999,5.746696,7.618169,106.9657471,0.04,0.030000000000000006,0.0,1.45,17.0,0.0,1.0,0.7450000000000001,0.0
12.0,2024.0,11.0,30.0,11.0,45.0,10.0,46.3411278,-119.2647689,1.3900000000000001,1.7009999999999998,105.2047471,106.90574710000001,1.89,0.3622,5.5756749999999995,7.910464,106.90574710000001,0.32999999999999996,-0.14,0.0,1.3900000000000001,17.0,0.0,1.0,0.7450000000000001,0.0
13.0,2024.0,11.0,30.0,11.0,45.0,11.0,46.341134,-119.2647722,1.3400000000000003,1.6179999999999999,105.2377471,106.85574709999999,1.85,0.9988999999999999,4.9331879999999995,8.737032,106.85574709999999,0.96,-0.27,-0.02,1.3400000000000003,17.0,0.0,1.0,0.7550000000000001,0.0
14.0,2024.0,11.0,30.0,11.0,45.0,12.0,46.3411426,-119.26477590000002,1.41,1.6439999999999997,105.2817471,106.9257471,1.9099999999999997,0.7665,4.148934,9.781928000000002,106.9257471,0.75,-0.14000000000000004,-0.04,1.41,17.0,0.0,1.0,0.7850000000000001,0.0
15.0,2024.0,11.0,30.0,11.0,45.0,13.0,46.3411497,-119.26477810000002,1.5,1.7,105.3157471,107.0157471,2.0,0.6575,3.642246,10.671690000000002,107.0157471,0.6499999999999999,-0.1,0.0,1.5,17.0,0.0,1.0,0.8050000000000002,0.0
16.0,2024.0,11.0,30.0,11.0,45.0,14.0,46.3411562,-119.26477990000001,1.5,1.67,105.34574710000001,107.0157471,2.0,0.7154,3.302713,11.442879999999999,107.0157471,0.7,-0.13999999999999999,0.0,1.5,17.0,0.0,1.0,0.8050000000000002,0.0
17.0,2024.0,11.0,30.0,11.0,45.0,15.0,46.341162999999995,-119.26478230000001,1.45,1.587,105.37874710000001,106.9657471,1.9499999999999997,0.8104000000000001,3.0593150000000002,12.304079999999999,106.9657471,0.8,-0.12000000000000002,0.01,1.45,17.0,0.0,1.0,0.8000000000000002,0.0
18.0,2024.0,11.0,30.0,11.0,45.0,16.0,46.3411701,-119.26478459999998,1.37,1.473,105.4127471,106.8857471,1.8200000000000003,0.7273999999999999,3.0183860000000005,13.18039,106.8857471,0.71,-0.15,0.0,1.37,17.0,0.0,1.0,0.7950000000000002,0.0
19.0,2024.0,11.0,30.0,11.0,45.0,17.0,46.3411775,-119.26478689999999,1.35,1.418,105.44774710000002,106.8657471,1.8199999999999998,0.7711,3.206988,14.121739999999999,106.8657471,0.76,-0.11000000000000001,-0.04,1.35,17.0,0.0,1.0,0.8150000000000002,0.0
20.0,2024.0,11.0,30.0,11.0,45.0,18.0,46.341184399999996,-119.2647894,1.43,1.464,105.4817471,106.94574710000002,1.8999999999999997,0.7083999999999999,3.536739,14.96473,106.94574710000002,0.7,-0.1,-0.02,1.43,17.0,0.0,1.0,0.8450000000000002,0.0
21.0,2024.0,11.0,30.0,11.0,45.0,19.0,46.34119139999999,-119.2647913,1.5,1.5020000000000002,105.5137471,107.0157471,2.0,0.7268,4.034149,15.809800000000001,107.0157471,0.72,-0.1,0.0,1.5,17.0,0.0,1.0,0.8550000000000002,0.0
22.0,2024.0,11.0,30.0,11.0,45.0,20.0,46.3411983,-119.2647927,1.5,1.473,105.5427471,107.0157471,1.9499999999999997,0.7439,4.62308,16.67932,107.0157471,0.74,-0.06,0.0,1.5,17.0,0.0,1.0,0.8550000000000002,0.0
23.0,2024.0,11.0,30.0,11.0,45.0,21.0,46.3412055,-119.26479409999999,1.4,1.342,105.57374710000002,106.9157471,1.8999999999999997,0.7664,5.292400000000001,17.545169999999995,106.9157471,0.76,-0.1,0.0,1.4,17.0,0.0,1.0,0.8550000000000002,0.0
24.0,2024.0,11.0,30.0,11.0,45.0,22.0,46.34121259999999,-119.2647957,1.4,1.31,105.6057471,106.9157471,1.81,0.7632000000000001,5.979301,18.410019999999996,106.9157471,0.76,-0.05,0.0,1.4,17.0,0.0,1.0,0.8550000000000002,0.0
25.0,2024.0,11.0,30.0,11.0,45.0,23.0,46.3412195,-119.2647969,1.4,1.2819999999999998,105.63374710000001,106.9157471,1.8399999999999999,0.7267999999999999,6.679213,19.20606,106.9157471,0.72,-0.1,0.0,1.4,17.0,0.0,1.0,0.8550000000000002,0.0
26.0,2024.0,11.0,30.0,11.0,45.0,24.0,46.3412266,-119.26479830000001,1.4,1.25,105.6657471,106.9157471,1.8999999999999997,0.7021,7.41125,20.04496,106.9157471,0.7,-0.030000000000000006,0.0,1.4,17.0,0.0,1.0,0.8550000000000002,0.0
27.0,2024.0,11.0,30.0,11.0,45.0,25.0,46.3412335,-119.26479959999999,1.48,1.3010000000000002,105.6947471,106.99574709999999,1.95,0.707,8.13552,20.8804,106.99574709999999,0.7,-0.1,0.0,1.48,17.0,0.0,1.0,0.8550000000000002,0.0
28.0,2024.0,11.0,30.0,11.0,45.0,26.0,46.341240600000006,-119.26480139999998,1.5,1.2879999999999998,105.72774710000002,107.0157471,2.0100000000000002,0.707,8.883041,21.76588,107.0157471,0.7,-0.1,0.0,1.5,17.0,0.0,1.0,0.8550000000000002,0.0
29.0,2024.0,11.0,30.0,11.0,45.0,27.0,46.341247499999994,-119.26480269999999,1.5,1.259,105.75674710000001,107.0157471,1.9899999999999998,0.707,9.62324,22.56429,107.0157471,0.7,-0.1,0.0,1.5,17.0,0.0,1.0,0.8550000000000002,0.0
30.0,2024.0,11.0,30.0,11.0,45.0,28.0,46.3412544,-119.26480479999998,1.4,1.1249999999999998,105.7907471,106.9157471,1.94,0.7083999999999999,10.360305,23.38186,106.9157471,0.7,-0.1,0.02,1.4,17.0,0.0,1.0,0.8450000000000002,0.0
31.0,2024.0,11.0,30.0,11.0,45.0,29.0,46.341261300000006,-119.26480709999998,1.4,1.094,105.82174710000001,106.9157471,1.8999999999999997,0.7154,11.10211,24.204230000000003,106.9157471,0.7,-0.13999999999999999,0.0,1.4,17.0,0.0,1.0,0.8350000000000002,0.0
32.0,2024.0,11.0,30.0,11.0,45.0,30.0,46.3412681,-119.2648097,1.3900000000000001,1.05,105.8557471,106.90574710000001,1.8999999999999997,0.7112,11.836920000000001,25.0332,106.90574710000001,0.7,-0.12000000000000002,0.0,1.3900000000000001,17.0,0.0,1.0,0.8350000000000002,0.0
33.0,2024.0,11.0,30.0,11.0,45.0,31.0,46.341274799999994,-119.26481230000002,1.4,1.027,105.8887471,106.9157471,1.95,0.7132999999999999,12.566280000000003,25.93034,106.9157471,0.7,-0.13000000000000003,0.0,1.4,17.0,0.0,1.0,0.8350000000000002,0.0
34.0,2024.0,11.0,30.0,11.0,45.0,32.0,46.34128159999999,-119.26481450000001,1.47,1.0650000000000002,105.9207471,106.9857471,2.0,0.7111999999999999,13.31286,26.74445,106.9857471,0.7,-0.12,0.0,1.47,17.0,0.0,1.0,0.8350000000000002,0.0
35.0,2024.0,11.0,30.0,11.0,45.0,33.0,46.3412888,-119.26481680000002,1.5,1.059,105.9567471,107.0157471,2.0,0.7154,14.106729999999999,27.600150000000003,107.0157471,0.7,-0.14000000000000004,0.0,1.5,17.0,0.0,1.0,0.8350000000000002,0.0
36.0,2024.0,11.0,30.0,11.0,45.0,34.0,46.341296,-119.2648195,1.5,1.025,105.9907471,107.0157471,2.0,0.7132999999999999,14.90298,28.49189,107.0157471,0.7,-0.13000000000000003,0.0,1.5,17.0,0.0,1.0,0.8350000000000002,0.0
37.0,2024.0,11.0,30.0,11.0,45.0,35.0,46.341302999999996,-119.2648218,1.41,0.9010000000000031,106.02474709999998,106.92574710000001,1.9499999999999997,0.707,15.680180000000002,29.362340000000007,106.92574710000001,0.7,-0.1,0.0,1.41,17.0,0.0,1.0,0.8350000000000002,0.0
38.0,2024.0,11.0,30.0,11.0,45.0,36.0,46.341309700000004,-119.26482370000001,1.33,0.790000000000005,106.05574709999999,106.8457471,1.8999999999999997,0.7255999999999999,16.425689999999996,30.265140000000002,106.8457471,0.72,-0.08,0.0,1.33,17.0,0.0,1.0,0.8350000000000002,0.0
39.0,2024.0,11.0,30.0,11.0,45.0,37.0,46.341316899999995,-119.26482510000001,1.37,0.799000000000008,106.0867471,106.8857471,1.94,0.7661,17.22752,31.18816,106.8857471,0.76,-0.05,-0.04,1.37,17.0,0.0,1.0,0.8550000000000002,0.0
40.0,2024.0,11.0,30.0,11.0,45.0,38.0,46.341324099999994,-119.26482630000001,1.46,0.8600000000000071,106.1157471,106.97574709999999,1.9099999999999997,0.8030000000000002,18.029540000000004,32.06512,106.97574709999999,0.8,-0.04,-0.01,1.46,17.0,0.0,1.0,0.8800000000000002,0.0
41.0,2024.0,11.0,30.0,11.0,45.0,39.0,46.3413315,-119.26482720000001,1.5,0.867000000000003,106.1487471,107.0157471,2.0100000000000002,0.77,18.85369,32.90958,107.0157471,0.77,0.0,0.0,1.5,17.0,0.0,1.0,0.8850000000000002,0.0
42.0,2024.0,11.0,30.0,11.0,45.0,40.0,46.3413386,-119.26482839999998,1.5,0.838000000000007,106.17774709999999,107.0157471,2.1,0.7745,19.64517,33.72786,107.0157471,0.7700000000000001,-0.06999999999999999,0.0,1.5,17.0,0.0,1.0,0.8850000000000002,0.0
43.0,2024.0,11.0,30.0,11.0,45.0,41.0,46.3413456,-119.26482970000002,1.4,0.709000000000007,106.2067471,106.9157471,1.9899999999999998,0.7007,20.42602,34.60741,106.9157471,0.7,-0.01,0.0,1.4,17.0,0.0,1.0,0.8850000000000002,0.0
44.0,2024.0,11.0,30.0,11.0,45.0,42.0,46.34135260000001,-119.26483089999999,1.35,0.629000000000006,106.2367471,106.8657471,1.8999999999999997,0.7,21.206899999999997,35.445229999999995,106.8657471,0.7,0.0,0.0,1.35,17.0,0.0,1.0,0.8850000000000002,0.0
45.0,2024.0,11.0,30.0,11.0,45.0,43.0,46.3413597,-119.264831,1.3800000000000001,0.6340000000000061,106.26174710000001,106.8957471,1.9600000000000002,0.71,21.99629,36.23724,106.8957471,0.71,0.0,0.0,1.3800000000000001,17.0,0.0,1.0,0.8850000000000002,0.0
46.0,2024.0,11.0,30.0,11.0,45.0,44.0,46.3413669,-119.264831,1.47,0.698000000000006,106.2877471,106.9857471,2.0200000000000005,0.7007,22.796609999999998,37.03788000000001,106.9857471,0.7,0.0,-0.01,1.47,17.0,0.0,1.0,0.8900000000000002,0.0
47.0,2024.0,11.0,30.0,11.0,45.0,45.0,46.3413738,-119.264831,1.5,0.702000000000008,106.3137471,107.0157471,2.1000000000000005,0.7631,23.563579999999998,37.805229999999995,107.0157471,0.76,0.05,0.0,1.5,17.0,0.0,1.0,0.8950000000000002,0.0
48.0,2024.0,11.0,30.0,11.0,45.0,46.0,46.341381,-119.26482960000001,1.5,0.681000000000008,106.3347471,107.0157471,2.1000000000000005,0.7339,24.36116,38.639399999999995,107.0157471,0.7299999999999999,0.06,0.0,1.5,17.0,0.0,1.0,0.8950000000000002,0.0
49.0,2024.0,11.0,30.0,11.0,45.0,47.0,46.341387999999995,-119.26482840000001,1.45,0.612000000000007,106.3537471,106.9657471,2.02,0.7035,25.137430000000002,39.44654,106.9657471,0.7,0.04,0.01,1.45,17.0,0.0,1.0,0.8900000000000002,0.0
50.0,2024.0,11.0,30.0,11.0,45.0,48.0,46.3413949,-119.26482730000001,1.4,0.547000000000007,106.3687471,106.9157471,1.9499999999999997,0.7028000000000001,25.903139999999997,40.2402,106.9157471,0.7,0.04,0.0,1.4,17.0,0.0,1.0,0.8850000000000002,0.0
51.0,2024.0,11.0,30.0,11.0,45.0,49.0,46.34140190000001,-119.26482619999999,1.4,0.536000000000004,106.3797471,106.9157471,1.9099999999999997,0.76,26.68031,41.04497,106.9157471,0.76,0.0,0.0,1.4,17.0,0.0,1.0,0.8850000000000002,0.0
52.0,2024.0,11.0,30.0,11.0,45.0,50.0,46.341409,-119.26482490000001,1.4,0.5240000000000039,106.3917471,106.9157471,2.0,0.7644,27.468850000000003,41.924060000000004,106.9157471,0.76,0.07,0.0,1.4,17.0,0.0,1.0,0.8850000000000002,0.0
53.0,2024.0,11.0,30.0,11.0,45.0,51.0,46.341415899999994,-119.26482400000002,1.41,0.522000000000001,106.40374709999999,106.9257471,2.05,0.71,28.235680000000002,42.755179999999996,106.9257471,0.71,0.0,0.0,1.41,17.0,0.0,1.0,0.8850000000000002,0.0
54.0,2024.0,11.0,30.0,11.0,45.0,52.0,46.341423000000006,-119.26482400000002,1.5,0.596000000000006,106.4197471,107.0157471,2.12,0.75,29.025199999999995,43.54473,107.0157471,0.75,0.0,0.0,1.5,17.0,0.0,1.0,0.8850000000000002,0.0
55.0,2024.0,11.0,30.0,11.0,45.0,53.0,46.341430100000004,-119.264825,1.5,0.57500000000001,106.44074710000002,107.0157471,2.12,0.75,29.81522,44.35822,107.0157471,0.75,0.0,0.0,1.5,17.0,0.0,1.0,0.8850000000000002,0.0
56.0,2024.0,11.0,30.0,11.0,45.0,54.0,46.3414375,-119.26482440000002,1.4700000000000002,0.531000000000003,106.4547471,106.9857471,2.08,0.7,30.63786,45.195499999999996,106.9857471,0.7,0.0,0.0,1.4700000000000002,17.0,0.0,1.0,0.8850000000000002,0.0
57.0,2024.0,11.0,30.0,11.0,45.0,55.0,46.3414445,-119.26482390000001,1.4,0.44600000000001006,106.46974710000002,106.9157471,2.0,0.76,31.41607,45.9859,106.9157471,0.76,0.0,0.0,1.4,17.0,0.0,1.0,0.8850000000000002,0.0
58.0,2024.0,11.0,30.0,11.0,45.0,56.0,46.3414517,-119.264823,1.4,0.43300000000000305,106.48274710000001,106.9157471,1.9299999999999997,0.72,32.21651,46.808139999999995,106.9157471,0.72,0.0,0.0,1.4,17.0,0.0,1.0,0.8850000000000002,0.0
59.0,2024.0,11.0,30.0,11.0,45.0,57.0,46.3414588,-119.2648228,1.4,0.418000000000008,106.4977471,106.9157471,1.9299999999999997,0.8,33.00604,47.69359,106.9157471,0.8,0.0,0.0,1.4,17.0,0.0,1.0,0.8850000000000002,0.0
60.0,2024.0,11.0,30.0,11.0,45.0,58.0,46.3414659,-119.264823,1.4,0.401000000000003,106.5147471,106.9157471,1.9299999999999997,0.71,33.795609999999996,48.48798,106.9157471,0.71,0.0,0.0,1.4,17.0,0.0,1.0,0.8850000000000002,0.0
61.0,2024.0,11.0,30.0,11.0,45.0,59.0,46.3414729,-119.264823,1.47,0.454000000000004,106.5317471,106.9857471,1.9899999999999998,0.75,34.574079999999995,49.26638,106.9857471,0.75,0.0,0.0,1.47,17.0,0.0,1.0,0.8850000000000002,0.0
62.0,2024.0,11.0,30.0,11.0,46.0,0.0,46.34148019999999,-119.26482260000003,1.5,0.4690000000000089,106.54674709999999,107.0157471,2.0,0.8024000000000001,35.38583,50.10891,107.0157471,0.8,0.04,0.0,1.5,17.0,0.0,1.0,0.8850000000000002,0.0
63.0,2024.0,11.0,30.0,11.0,46.0,1.0,46.341487400000005,-119.2648214,1.5,0.45500000000000507,106.5607471,107.0157471,2.0,0.7745,36.18654,50.970020000000005,107.0157471,0.7699999999999999,0.07,0.0,1.5,17.0,0.0,1.0,0.8850000000000002,0.0
64.0,2024.0,11.0,30.0,11.0,46.0,2.0,46.3414944,-119.2648202,1.42,0.363000000000006,106.57274709999999,106.9357471,1.94,0.8,36.96517,51.77718,106.9357471,0.8,0.0,0.0,1.42,17.0,0.0,1.0,0.8850000000000002,0.0
65.0,2024.0,11.0,30.0,11.0,46.0,3.0,46.341501699999995,-119.2648192,1.35,0.276000000000006,106.5897471,106.8657471,1.8999999999999997,0.8,37.77736,52.6129,106.8657471,0.8,0.0,0.0,1.35,17.0,0.0,1.0,0.8850000000000002,0.0
66.0,2024.0,11.0,30.0,11.0,46.0,4.0,46.3415088,-119.2648179,1.36,0.27300000000000696,106.60274710000002,106.87574709999998,1.9099999999999997,0.8006,38.56753,53.43356,106.87574709999998,0.8,0.0,-0.01,1.36,17.0,0.0,1.0,0.8900000000000002,0.0
67.0,2024.0,11.0,30.0,11.0,46.0,5.0,46.3415158,-119.2648169,1.46,0.356000000000006,106.6197471,106.97574709999999,2.0,0.7619999999999999,39.34664,54.23595,106.97574709999999,0.76,0.0,-0.030000000000000006,1.46,17.0,0.0,1.0,0.9100000000000003,0.0
68.0,2024.0,11.0,30.0,11.0,46.0,6.0,46.341523099999996,-119.26481679999999,1.5,0.381000000000005,106.6347471,107.0157471,2.0200000000000005,0.7207,40.15848,55.16898,107.0157471,0.72,-0.01,0.0,1.5,17.0,0.0,1.0,0.9250000000000003,0.0
69.0,2024.0,11.0,30.0,11.0,46.0,7.0,46.3415301,-119.26481780000002,1.5,0.362000000000001,106.65374709999999,107.0157471,2.0,0.7465999999999999,40.936249999999994,55.996759999999995,107.0157471,0.74,-0.1,0.0,1.5,17.0,0.0,1.0,0.9250000000000003,0.0
70.0,2024.0,11.0,30.0,11.0,46.0,8.0,46.341537100000004,-119.2648197,1.42,0.26300000000000506,106.6727471,106.9357471,1.9299999999999997,0.7168999999999999,41.713820000000005,56.87353,106.9357471,0.71,-0.1,0.0,1.42,17.0,0.0,1.0,0.9250000000000003,0.0
71.0,2024.0,11.0,30.0,11.0,46.0,9.0,46.3415442,-119.26482200000001,1.4,0.22200000000000802,106.69374710000002,106.9157471,1.8999999999999997,0.707,42.502979999999994,57.80796,106.9157471,0.7,-0.1,0.0,1.4,17.0,0.0,1.0,0.9250000000000003,0.0
72.0,2024.0,11.0,30.0,11.0,46.0,10.0,46.34155119999999,-119.26482419999999,1.4,0.204000000000006,106.7117471,106.9157471,1.8999999999999997,0.707,43.281769999999995,58.71299999999999,106.9157471,0.7,-0.1,0.0,1.4,17.0,0.0,1.0,0.9250000000000003,0.0
73.0,2024.0,11.0,30.0,11.0,46.0,11.0,46.3415583,-119.26482580000001,1.4,0.185000000000005,106.7307471,106.9157471,1.8999999999999997,0.7056,44.071960000000004,59.58316,106.9157471,0.7,-0.08,0.0,1.4,17.0,0.0,1.0,0.9250000000000003,0.0
74.0,2024.0,11.0,30.0,11.0,46.0,12.0,46.341565200000005,-119.26482700000001,1.46,0.228000000000009,106.7477471,106.97574709999999,2.0,0.7459,44.83995,60.38443000000001,106.97574709999999,0.74,-0.09,0.0,1.46,17.0,0.0,1.0,0.9250000000000003,0.0
75.0,2024.0,11.0,30.0,11.0,46.0,13.0,46.3415724,-119.2648285,1.5,0.250000000000004,106.7657471,107.0157471,2.0,0.7168999999999999,45.64173,61.26858,107.0157471,0.71,-0.1,0.0,1.5,17.0,0.0,1.0,0.9250000000000003,0.0
76.0,2024.0,11.0,30.0,11.0,46.0,14.0,46.3415793,-119.2648303,1.5,0.23400000000000404,106.7817471,107.0157471,2.0,0.707,46.41069,62.078959999999995,107.0157471,0.7,-0.1,0.0,1.5,17.0,0.0,1.0,0.9250000000000003,0.0
77.0,2024.0,11.0,30.0,11.0,46.0,15.0,46.3415863,-119.2648324,1.44,0.15500000000001002,106.8007471,106.95574710000001,1.8999999999999997,0.7196,47.19151,62.907669999999996,106.95574710000001,0.7,-0.16,0.0,1.44,17.0,0.0,1.0,0.9250000000000003,0.0
78.0,2024.0,11.0,30.0,11.0,46.0,16.0,46.34159319999999,-119.2648346,1.4,0.0970000000000036,106.8187471,106.9157471,1.8200000000000003,0.7091,47.96184,63.727639999999994,106.9157471,0.7,-0.11000000000000001,0.0,1.4,17.0,0.0,1.0,0.9250000000000003,0.0
79.0,2024.0,11.0,30.0,11.0,46.0,17.0,46.3416002,-119.26483619999999,1.3800000000000001,0.061000000000007513,106.8347471,106.8957471,1.8399999999999999,0.7062999999999999,48.74271,64.54434,106.8957471,0.7,-0.09,0.0,1.3800000000000001,17.0,0.0,1.0,0.9250000000000003,0.0
80.0,2024.0,11.0,30.0,11.0,46.0,18.0,46.3416073,-119.2648377,1.4,0.06500000000000651,106.8507471,106.9157471,1.8999999999999997,0.7348,49.534760000000006,65.37508,106.9157471,0.72,-0.13999999999999999,0.0,1.4,17.0,0.0,1.0,0.9250000000000003,0.0
81.0,2024.0,11.0,30.0,11.0,46.0,19.0,46.341614299999996,-119.26483999999998,1.4,0.04800000000000469,106.8677471,106.9157471,1.8999999999999997,0.7111999999999999,50.31752,66.29309,106.9157471,0.7,-0.12,0.0,1.4,17.0,0.0,1.0,0.9250000000000003,0.0
82.0,2024.0,11.0,30.0,11.0,46.0,20.0,46.341621200000006,-119.26484249999999,1.49,0.12400000000000602,106.88174710000001,107.00574710000001,1.95,0.7112,51.09010000000001,67.13609,107.00574710000001,0.7,-0.12000000000000002,0.0,1.49,17.0,0.0,1.0,0.9250000000000003,0.0
83.0,2024.0,11.0,30.0,11.0,46.0,21.0,46.341627800000005,-119.26484459999999,1.5,0.11700000000000002,106.8987471,107.0157471,2.0,0.707,51.82887000000001,67.92031,107.0157471,0.7,-0.1,0.0,1.5,17.0,0.0,1.0,0.9250000000000003,0.0
84.0,2024.0,11.0,30.0,11.0,46.0,22.0,46.3416347,-119.26484639999998,1.5,0.105000000000005,106.91074710000001,107.0157471,2.0,0.7028000000000001,52.60049,68.7307,107.0157471,0.7,-0.04,0.0,1.5,17.0,0.0,1.0,0.9250000000000003,0.0
85.0,2024.0,11.0,30.0,11.0,46.0,23.0,46.34164159999999,-119.2648475,1.4300000000000002,0.019000000000005648,106.92674709999999,106.94574709999999,1.9199999999999995,0.7049,53.37038,69.52432,106.94574709999999,0.7,-0.06999999999999999,0.0,1.4300000000000002,17.0,0.0,1.0,0.9250000000000003,0.0
86.0,2024.0,11.0,30.0,11.0,46.0,24.0,46.3416486,-119.26484839999998,1.4,-0.024999999999990502,106.94074710000002,106.9157471,1.89,0.7034999999999999,54.15084,70.35931,106.9157471,0.7,-0.05,0.0,1.4,17.0,0.0,1.0,0.9250000000000003,0.0
87.0,2024.0,11.0,30.0,11.0,46.0,25.0,46.3416555,-119.26484969999998,1.4,-0.0389999999999961,106.9547471,106.9157471,1.8599999999999999,0.707,54.92141,71.26046,106.9157471,0.7,-0.1,0.0,1.4,17.0,0.0,1.0,0.9250000000000003,0.0
88.0,2024.0,11.0,30.0,11.0,46.0,26.0,46.34166259999999,-119.2648512,1.4,-0.05199999999999,106.9677471,106.9157471,1.8999999999999997,0.707,55.714909999999996,72.11757,106.9157471,0.7,-0.1,0.0,1.4,17.0,0.0,1.0,0.9250000000000003,0.0
89.0,2024.0,11.0,30.0,11.0,46.0,27.0,46.3416694,-119.2648526,1.41,-0.034999999999993495,106.9607471,106.9257471,1.9299999999999997,0.707,56.47486,72.94428,106.9257471,0.7,-0.1,0.0,1.41,17.0,0.0,1.0,0.9250000000000003,0.0
90.0,2024.0,11.0,30.0,11.0,46.0,28.0,46.3416765,-119.2648539,1.5,0.0910000000000072,106.92474710000002,107.0157471,2.0,0.7114,57.267920000000004,73.76495,107.0157471,0.71,-0.02,0.0,1.5,17.0,0.0,1.0,0.9250000000000003,0.0
91.0,2024.0,11.0,30.0,11.0,46.0,29.0,46.341683599999996,-119.26485369999997,1.5,0.13100000000000397,106.8847471,107.0157471,2.0700000000000003,0.7905,58.05613999999999,74.57996,107.0157471,0.78,0.1,0.0,1.5,17.0,0.0,1.0,0.9250000000000003,0.0
92.0,2024.0,11.0,30.0,11.0,46.0,30.0,46.341690400000005,-119.26484979999998,1.4600000000000002,0.1250000000000068,106.8507471,106.97574709999999,2.0,0.7743,58.8002,75.49286,106.97574709999999,0.6499999999999999,0.41,0.0,1.4600000000000002,17.0,0.0,1.0,0.9250000000000003,0.0
93.0,2024.0,11.0,30.0,11.0,46.0,31.0,46.341695800000004,-119.26484239999999,1.4,0.09100000000000738,106.8247471,106.9157471,2.0,0.7828000000000002,59.38283,76.44481,106.9157471,0.41,0.6599999999999999,0.0,1.4,17.0,0.0,1.0,0.9250000000000003,0.0
94.0,2024.0,11.0,30.0,11.0,46.0,32.0,46.3416986,-119.26483250000001,1.4,0.1,106.8157471,106.9157471,2.02,0.7212,59.679050000000004,77.36827000000001,106.9157471,0.1,0.71,0.0,1.4,17.0,0.0,1.0,0.9250000000000003,0.0
95.0,2024.0,11.0,30.0,11.0,46.0,33.0,46.341699,-119.26482210000002,1.4,0.1,106.8157471,106.9157471,2.1000000000000005,0.8,59.718219999999995,78.19004,106.9157471,0.0,0.8,0.0,1.4,17.0,0.0,1.0,0.9250000000000003,0.0
96.0,2024.0,11.0,30.0,11.0,46.0,34.0,46.341698300000004,-119.2648115,1.4,0.09200000000000959,106.82374709999999,106.9157471,2.1000000000000005,0.7538,59.64569,79.04467,106.9157471,-0.06000000000000001,0.75,0.0,1.4,17.0,0.0,1.0,0.9250000000000003,0.0
97.0,2024.0,11.0,30.0,11.0,46.0,35.0,46.34169730000001,-119.2648012,1.49,0.1730000000000102,106.8327471,107.00574710000001,2.1000000000000005,0.78,59.55056,79.98717,107.00574710000001,0.0,0.78,0.0,1.49,17.0,0.0,1.0,0.9250000000000003,0.0
98.0,2024.0,11.0,30.0,11.0,46.0,36.0,46.3416976,-119.26479020000002,1.5,0.18000000000000999,106.8357471,107.0157471,2.1000000000000005,0.8030000000000002,59.612519999999996,80.90751,107.0157471,0.05,0.8,0.0,1.5,17.0,0.0,1.0,0.9250000000000003,0.0
99.0,2024.0,11.0,30.0,11.0,46.0,37.0,46.3416987,-119.2647795,1.49,0.1700000000000097,106.8357471,107.00574710000001,2.1000000000000005,0.806,59.77382,81.79317,107.00574710000001,0.1,0.8,0.0,1.49,17.0,0.0,1.0,0.9250000000000003,0.0
100.0,2024.0,11.0,30.0,11.0,46.0,38.0,46.3416999,-119.2647681,1.4,0.08000000000000698,106.8357471,106.9157471,2.1000000000000005,0.8030000000000002,59.96125000000001,82.7384,106.9157471,0.05,0.8,0.0,1.4,17.0,0.0,1.0,0.9250000000000003,0.0
101.0,2024.0,11.0,30.0,11.0,46.0,39.0,46.3417008,-119.264757,1.4,0.08000000000000698,106.8357471,106.9157471,2.1000000000000005,0.8,60.125810000000016,83.64309,106.9157471,0.0,0.8,0.0,1.4,17.0,0.0,1.0,0.9250000000000003,0.0
102.0,2024.0,11.0,30.0,11.0,46.0,40.0,46.3417012,-119.26474560000001,1.4,0.0750000000000045,106.8407471,106.9157471,2.1000000000000005,0.8,60.24904,84.54164,106.9157471,0.0,0.8,0.0,1.4,17.0,0.0,1.0,0.9250000000000003,0.0
103.0,2024.0,11.0,30.0,11.0,46.0,41.0,46.341702,-119.26473410000001,1.46,0.1300000000000008,106.8457471,106.97574709999999,2.12,0.8,60.429790000000004,85.47120000000001,106.97574709999999,0.0,0.8,0.0,1.46,17.0,0.0,1.0,0.9250000000000003,0.0
104.0,2024.0,11.0,30.0,11.0,46.0,42.0,46.341702299999994,-119.2647229,1.5,0.185000000000002,106.83074709999998,107.0157471,2.2,0.8,60.564930000000004,86.34855,107.0157471,0.0,0.8,0.0,1.5,17.0,0.0,1.0,0.9250000000000003,0.0
105.0,2024.0,11.0,30.0,11.0,46.0,43.0,46.341703,-119.26471169999999,1.5,0.31700000000000705,106.69874709999999,107.0157471,2.1600000000000006,0.8,60.75600000000001,87.24924999999999,107.0157471,0.0,0.8,0.0,1.5,17.0,0.0,1.0,0.9250000000000003,0.0
106.0,2024.0,11.0,30.0,11.0,46.0,44.0,46.341703,-119.2647011,1.4300000000000002,0.395000000000008,106.5507471,106.94574709999999,2.0900000000000003,0.7630000000000001,60.87468,88.06303,106.94574709999999,0.0,0.76,0.05,1.4300000000000002,17.0,0.0,1.0,0.9000000000000002,0.0
107.0,2024.0,11.0,30.0,11.0,46.0,45.0,46.341703,-119.2646907,1.4,0.511000000000007,106.40474710000001,106.9157471,2.0,0.7,61.00157999999999,88.86146,106.9157471,0.0,0.7,0.0,1.4,17.0,0.0,1.0,0.8750000000000002,0.0
108.0,2024.0,11.0,30.0,11.0,46.0,46.0,46.3417039,-119.26468069999999,1.4,0.6530000000000079,106.2627471,106.9157471,2.04,0.7055999999999999,61.2316,89.68171,106.9157471,0.08,0.7,0.0,1.4,17.0,0.0,1.0,0.8750000000000002,0.0
109.0,2024.0,11.0,30.0,11.0,46.0,47.0,46.341704699999994,-119.2646705,1.48,0.877000000000006,106.1187471,106.99574709999999,2.1000000000000005,0.7,61.462430000000005,90.51146,106.99574709999999,0.0,0.7,0.0,1.48,17.0,0.0,1.0,0.8750000000000002,0.0
110.0,2024.0,11.0,30.0,11.0,46.0,48.0,46.3417054,-119.26466049999999,1.5,1.0370000000000021,105.9787471,107.0157471,2.1000000000000005,0.7300000000000001,61.68859,91.32003,107.0157471,0.0,0.7300000000000001,0.0,1.5,17.0,0.0,1.0,0.8750000000000002,0.0
111.0,2024.0,11.0,30.0,11.0,46.0,49.0,46.341706,-119.26465050000002,1.5,1.178,105.8377471,107.0157471,2.06,0.78,61.91269000000001,92.12276,107.0157471,0.0,0.78,0.0,1.5,17.0,0.0,1.0,0.8750000000000002,0.0
112.0,2024.0,11.0,30.0,11.0,46.0,50.0,46.341706,-119.2646405,1.42,1.2369999999999999,105.69874709999999,106.9357471,1.9499999999999997,0.7028000000000001,62.080499999999994,92.89049000000001,106.9357471,0.0,0.7,0.04,1.42,17.0,0.0,1.0,0.8550000000000002,0.0
113.0,2024.0,11.0,30.0,11.0,46.0,51.0,46.341706,-119.2646305,1.3300000000000003,1.2850000000000001,105.5607471,106.8457471,1.8999999999999997,0.7,62.25729,93.6582,106.8457471,0.0,0.7,0.0,1.3300000000000003,17.0,0.0,1.0,0.8350000000000002,0.0
114.0,2024.0,11.0,30.0,11.0,46.0,52.0,46.3417065,-119.2646205,1.4,1.496,105.4197471,106.9157471,1.97,0.7007,62.49688999999999,94.4551,106.9157471,0.01,0.7,0.0,1.4,17.0,0.0,1.0,0.8350000000000002,0.0
115.0,2024.0,11.0,30.0,11.0,46.0,53.0,46.341707199999995,-119.26461219999999,1.47,1.6809999999999998,105.30474710000001,106.9857471,2.0800000000000005,0.44799999999999995,62.73275000000001,95.14373,106.9857471,0.04,0.43999999999999995,-0.06000000000000001,1.47,17.0,0.0,1.0,0.8650000000000002,0.0
116.0,2024.0,11.0,30.0,11.0,46.0,54.0,46.341706099999996,-119.26460990000001,1.5,1.7429999999999999,105.27274709999999,107.0157471,2.1000000000000005,0.6411,62.660000000000004,95.71119999999999,107.0157471,-0.6,-0.18,0.0,1.5,17.0,0.0,1.0,0.8950000000000002,0.0
117.0,2024.0,11.0,30.0,11.0,46.0,55.0,46.341693799999994,-119.264616,1.5,1.6300000000000001,105.3857471,107.0157471,0.0,2.1439000000000004,61.21752999999999,97.20064,107.0157471,-2.07,-0.55,0.0,1.5,17.0,0.0,1.0,0.8950000000000002,0.0
118.0,2024.0,11.0,30.0,11.0,46.0,56.0,46.34167169999999,-119.2646231,1.4600000000000002,1.444,105.53174709999999,106.97574709999999,2.7600000000000002,2.9345000000000003,58.70263,99.74245,106.97574709999999,-2.8899999999999997,-0.5,0.07,1.4600000000000002,17.0,0.0,1.0,0.8600000000000002,0.0
119.0,2024.0,11.0,30.0,11.0,46.0,57.0,46.3416419,-119.2646303,1.37,1.293,105.5927471,106.8857471,2.79,3.8277,55.36002,103.12070000000001,106.8857471,-3.7700000000000005,-0.6599999999999999,0.0,1.37,17.0,0.0,1.0,0.8250000000000002,0.0
120.0,2024.0,11.0,30.0,11.0,46.0,58.0,46.3416036,-119.26464109999999,1.32,1.189,105.6467471,106.8357471,2.7,4.8405000000000005,51.034769999999995,107.47919999999999,106.8357471,-4.75,-0.93,-0.030000000000000006,1.32,17.0,0.0,1.0,0.8400000000000002,0.0
121.0,2024.0,11.0,30.0,11.0,46.0,59.0,46.3415568,-119.26465470000001,1.4,1.212,105.70374710000002,106.9157471,2.8499999999999996,5.8608,45.74462,112.797,106.9157471,-5.76,-1.08,-0.04,1.4,17.0,0.0,1.0,0.8750000000000002,0.0
122.0,2024.0,11.0,30.0,11.0,47.0,0.0,46.3414997,-119.26467029999999,1.49,1.268,105.7377471,107.00574710000001,1.7399999999999998,6.8643,39.319480000000006,119.2672,107.00574710000001,-6.76,-1.1900000000000002,-0.030000000000000006,1.49,17.0,0.0,1.0,0.9100000000000003,0.0
123.0,2024.0,11.0,30.0,11.0,47.0,1.0,46.3414333,-119.2646878,1.4600000000000002,1.2329999999999999,105.7427471,106.97574709999999,0.0,7.8031999999999995,31.882680000000004,126.77820000000001,106.97574709999999,-7.6800000000000015,-1.3800000000000001,0.02,1.4600000000000002,17.0,0.0,1.0,0.9150000000000003,0.0
124.0,2024.0,11.0,30.0,11.0,47.0,2.0,46.341361600000006,-119.264707,1.4,1.198,105.7177471,106.9157471,0.9099999999999999,7.643800000000001,23.891879999999997,134.89090000000002,106.9157471,-7.5200000000000005,-1.37,0.0,1.4,17.0,0.0,1.0,0.9050000000000002,0.0
125.0,2024.0,11.0,30.0,11.0,47.0,3.0,46.341298099999996,-119.26472480000002,1.4,1.264,105.65174710000001,106.9157471,2.3599999999999994,6.121700000000001,16.88137,142.0923,106.9157471,-6.02,-1.11,-0.01,1.4,17.0,0.0,1.0,0.9100000000000003,0.0
126.0,2024.0,11.0,30.0,11.0,47.0,4.0,46.3412488,-119.26473840000001,1.4,1.386,105.52974710000001,106.9157471,2.48,4.8947,11.604899,147.68400000000003,106.9157471,-4.82,-0.85,-0.01,1.4,17.0,0.0,1.0,0.9200000000000003,0.0
127.0,2024.0,11.0,30.0,11.0,47.0,5.0,46.34120889999999,-119.26474879999998,1.5699999999999998,1.6639999999999997,105.42174709999999,107.0857471,2.58,4.1686,7.703683999999998,152.20350000000002,107.0857471,-4.119999999999999,-0.6299999999999999,-0.04,1.5699999999999998,17.0,0.0,1.0,0.9450000000000003,0.0
128.0,2024.0,11.0,30.0,11.0,47.0,6.0,46.3411746,-119.2647575,1.4900000000000002,1.675,105.33074710000001,107.00574709999998,2.41,3.4905999999999997,5.222967,156.0853,107.00574709999998,-3.4300000000000006,-0.6399999999999999,0.08,1.4900000000000002,17.0,0.0,1.0,0.9250000000000003,0.0
129.0,2024.0,11.0,30.0,11.0,47.0,7.0,46.3411474,-119.2647647,1.2399999999999998,1.497,105.25874710000001,106.75574710000001,2.1900000000000004,2.3919,4.747352,159.1809,106.75574710000001,-2.35,-0.44000000000000006,0.01,1.2399999999999998,17.0,0.0,1.0,0.8800000000000002,0.0
130.0,2024.0,11.0,30.0,11.0,47.0,8.0,46.3411303,-119.26476980000002,1.23,1.529,105.21674709999999,106.74574709999999,2.2300000000000004,1.2412999999999998,5.350499000000001,161.16490000000002,106.74574709999999,-1.2,-0.25,-0.16999999999999998,1.23,17.0,0.0,1.0,0.9600000000000002,0.0
131.0,2024.0,11.0,30.0,11.0,47.0,9.0,46.3411234,-119.264772,1.36,1.6770000000000003,105.19874710000002,106.87574709999998,2.3899999999999997,0.2872,5.7587790000000005,162.0355,106.87574709999998,-0.12000000000000002,-0.01,-0.13000000000000003,1.36,17.0,0.0,1.0,1.1100000000000003,0.0
132.0,2024.0,11.0,30.0,11.0,47.0,10.0,46.34112510000001,-119.2647713,1.46,1.7710000000000001,105.2047471,106.97574709999999,2.5700000000000003,0.3867999999999999,5.657445,162.33530000000002,106.97574709999999,0.37,0.09,-0.04,1.46,17.0,0.0,1.0,1.1950000000000003,0.0
133.0,2024.0,11.0,30.0,11.0,47.0,11.0,46.3411283,-119.26476929999998,1.5,1.8099999999999998,105.20574710000001,107.0157471,2.62,0.0871,5.515358000000001,162.82379999999998,107.0157471,0.07,0.05,0.0,1.5,8.2,0.0,1.0,1.2150000000000003,0.0
134.0,2024.0,11.0,30.0,11.0,47.0,12.0,46.34112900000001,-119.26476899999997,1.5,1.8099999999999998,105.20574710000001,107.0157471,2.56,0.0,5.47939,162.925,107.0157471,0.0,0.0,0.0,1.5,6.0,0.0,1.0,1.2150000000000003,0.0
135.0,2024.0,11.0,30.0,11.0,47.0,13.0,46.3411291,-119.26476899999997,1.5,1.809,105.2067471,107.0157471,2.5,0.0,5.472006,163.06929999999997,107.0157471,0.0,0.0,0.0,1.5,6.0,0.0,1.0,1.2150000000000003,0.0
136.0,2024.0,11.0,30.0,11.0,47.0,14.0,46.341129800000004,-119.26476899999997,1.49,1.7920000000000003,105.2137471,107.00574710000001,2.4099999999999993,0.01,5.420318,163.414,107.00574710000001,0.0,0.0,0.01,1.49,6.0,0.0,1.0,1.2100000000000004,0.0
137.0,2024.0,11.0,30.0,11.0,47.0,15.0,46.3411296,-119.2647692,1.1300000000000001,1.4320000000000002,105.2137471,106.6457471,2.05,0.4,5.423734,163.54080000000002,106.6457471,0.0,0.0,0.4,1.1300000000000001,6.0,0.0,1.0,1.0050000000000003,0.0
138.0,2024.0,11.0,30.0,11.0,47.0,16.0,46.34113000000001,-119.26477,0.6699999999999999,0.9700000000000049,105.2157471,106.1857471,1.58,0.39649999999999996,5.348,163.78,106.1857471,0.0,-0.02,0.39,0.6699999999999999,6.0,0.0,1.0,0.6100000000000003,0.0
139.0,2024.0,11.0,30.0,11.0,47.0,17.0,46.34113000000001,-119.26477,0.5,0.8000000000000099,105.2157471,106.0157471,1.41,0.0,5.348,163.78,106.0157471,0.0,0.0,0.0,0.5,6.0,0.0,1.0,0.4150000000000003,0.0
140.0,2024.0,11.0,30.0,11.0,47.0,18.0,46.34113000000001,-119.26477,0.5,0.8000000000000099,105.2157471,106.0157471,1.48,0.0,5.348,163.78,106.0157471,0.0,0.0,0.0,0.5,6.0,0.0,1.0,0.4150000000000003,0.0
141.0,2024.0,11.0,30.0,11.0,47.0,19.0,46.34113000000001,-119.26476979999998,0.5,0.8000000000000099,105.2157471,106.0157471,1.5,0.0,5.359509999999999,163.7954,106.0157471,0.0,0.0,0.0,0.5,6.0,0.0,1.0,0.4150000000000003,0.0
142.0,2024.0,11.0,30.0,11.0,47.0,20.0,46.34113000000001,-119.26476930000001,0.5,0.8000000000000099,105.2157471,106.0157471,1.5,0.0,5.388285,164.0023,106.0157471,0.0,0.0,0.0,0.5,6.0,0.0,1.0,0.4150000000000003,0.0
143.0,2024.0,11.0,30.0,11.0,47.0,21.0,46.34113000000001,-119.26477,0.5,0.8000000000000099,105.2157471,106.0157471,1.5,0.0,5.348,164.087,106.0157471,0.0,0.0,0.0,0.5,6.0,0.0,1.0,0.4150000000000003,0.0
144.0,2024.0,11.0,30.0,11.0,47.0,22.0,46.341129900000006,-119.26477,0.5,0.8000000000000099,105.2157471,106.0157471,1.5,0.0,5.355463,164.18689999999998,106.0157471,0.0,0.0,0.0,0.5,8.2,0.0,1.0,0.4150000000000003,0.0
145.0,2024.0,11.0,30.0,11.0,47.0,23.0,46.34113000000001,-119.26477,0.6900000000000001,0.990000000000005,105.2157471,106.20574710000001,1.73,0.5400000000000001,5.348,164.309,106.20574710000001,0.0,0.0,-0.5400000000000001,0.6900000000000001,17.0,0.0,1.0,0.6850000000000004,0.0
146.0,2024.0,11.0,30.0,11.0,47.0,24.0,46.34113000000001,-119.26477,1.42,1.72,105.2157471,106.9357471,2.47,0.43000000000000005,5.348,164.309,106.9357471,0.0,0.0,-0.43000000000000005,1.42,17.0,0.0,1.0,1.1700000000000004,0.0
147.0,2024.0,11.0,30.0,11.0,47.0,25.0,46.3411296,-119.26476979999998,1.54,1.8419999999999999,105.2137471,107.0557471,2.56,0.20450000000000004,5.389204000000001,164.369,107.0557471,-0.18000000000000002,0.0,0.08,1.54,17.0,0.0,1.0,1.3450000000000004,0.0
148.0,2024.0,11.0,30.0,11.0,47.0,26.0,46.3411277,-119.26476899999997,1.4,1.7100000000000002,105.20574710000001,106.9157471,2.4899999999999998,0.19140000000000001,5.577496,164.6422,106.9157471,-0.17,-0.030000000000000006,0.02,1.4,17.0,0.0,1.0,1.2950000000000004,0.0
149.0,2024.0,11.0,30.0,11.0,47.0,27.0,46.34112700000001,-119.26476989999999,1.4,1.7100000000000002,105.20574710000001,106.9157471,2.4699999999999998,0.05,5.581073,164.7884,106.9157471,0.0,-0.05,0.0,1.4,17.0,0.0,1.0,1.2850000000000004,0.0
150.0,2024.0,11.0,30.0,11.0,47.0,28.0,46.34112700000001,-119.26477060000002,1.46,1.77,105.20574710000001,106.97574709999999,2.5300000000000002,0.0,5.542724,164.8422,106.97574709999999,0.0,0.0,0.0,1.46,17.0,0.0,1.0,1.2850000000000004,0.0
151.0,2024.0,11.0,30.0,11.0,47.0,29.0,46.34112710000001,-119.26477100000002,1.55,1.8589999999999995,105.2067471,107.0657471,2.6000000000000005,0.05,5.513057,164.8841,107.0657471,0.05,0.0,0.0,1.55,17.0,0.0,1.0,1.2850000000000004,0.0
152.0,2024.0,11.0,30.0,11.0,47.0,30.0,46.341128100000006,-119.26477100000002,1.53,1.83,105.2157471,107.0457471,2.54,0.1165,5.435345,164.9952,107.0457471,0.05,0.0,0.08,1.53,17.0,0.0,1.0,1.2450000000000003,0.0
153.0,2024.0,11.0,30.0,11.0,47.0,31.0,46.341131100000005,-119.26477060000002,1.41,1.703,105.22274710000002,106.92574710000001,2.4099999999999993,0.5902000000000001,5.233795,165.4203,106.92574710000001,0.5800000000000001,-0.06000000000000001,0.030000000000000006,1.41,17.0,0.0,1.0,1.1900000000000004,0.0
154.0,2024.0,11.0,30.0,11.0,47.0,32.0,46.341137499999995,-119.26477300000002,1.4,1.661,105.2547471,106.9157471,2.3999999999999995,0.7765000000000001,4.6473949999999995,166.25820000000002,106.9157471,0.75,-0.2,0.0,1.4,17.0,0.0,1.0,1.1750000000000005,0.0
155.0,2024.0,11.0,30.0,11.0,47.0,33.0,46.341145,-119.2647765,1.47,1.693,105.2927471,106.9857471,2.44,0.7939999999999999,3.9757540000000007,167.23930000000001,106.9857471,0.7699999999999999,-0.19,0.0,1.47,17.0,0.0,1.0,1.1750000000000005,0.0
156.0,2024.0,11.0,30.0,11.0,47.0,34.0,46.341152400000006,-119.2647794,1.5,1.686,105.3297471,107.0157471,2.5,0.806,3.44758,168.15820000000002,107.0157471,0.8,-0.1,0.0,1.5,17.0,0.0,1.0,1.1750000000000005,0.0
157.0,2024.0,11.0,30.0,11.0,47.0,35.0,46.3411597,-119.26478160000002,1.45,1.6019999999999999,105.3637471,106.9657471,2.4299999999999997,0.806,3.121346,169.0755,106.9657471,0.8,-0.1,0.0,1.45,17.0,0.0,1.0,1.1750000000000005,0.0
158.0,2024.0,11.0,30.0,11.0,47.0,36.0,46.341167,-119.2647838,1.4,1.517,105.3987471,106.9157471,2.3600000000000003,0.7904,2.994955,169.9398,106.9157471,0.78,-0.12,0.0,1.4,17.0,0.0,1.0,1.1750000000000005,0.0
159.0,2024.0,11.0,30.0,11.0,47.0,37.0,46.3411743,-119.2647864,1.3400000000000003,1.4220000000000002,105.4337471,106.85574709999999,2.3299999999999996,0.7727,3.0655050000000004,170.81390000000002,106.85574709999999,0.76,-0.13000000000000003,0.0,1.3400000000000003,17.0,0.0,1.0,1.1750000000000005,0.0
160.0,2024.0,11.0,30.0,11.0,47.0,38.0,46.3411813,-119.2647883,1.43,1.4809999999999999,105.4647471,106.94574710000002,2.4299999999999997,0.7097999999999999,3.367292,171.6589,106.94574710000002,0.7,-0.1,-0.04,1.43,17.0,0.0,1.0,1.1950000000000005,0.0
161.0,2024.0,11.0,30.0,11.0,47.0,39.0,46.3411884,-119.26479000000002,1.5,1.517,105.49874709999999,107.0157471,2.5,0.7445,3.832580000000001,172.52089999999998,107.0157471,0.74,-0.06999999999999999,0.0,1.5,17.0,0.0,1.0,1.2150000000000005,0.0
162.0,2024.0,11.0,30.0,11.0,47.0,40.0,46.341195500000005,-119.2647915,1.5,1.4860000000000002,105.52974709999998,107.0157471,2.4799999999999995,0.7056,4.402983,173.34629999999999,107.0157471,0.7,-0.08,0.0,1.5,17.0,0.0,1.0,1.2150000000000005,0.0
163.0,2024.0,11.0,30.0,11.0,47.0,41.0,46.3412027,-119.26479279999998,1.4,1.357,105.55874709999998,106.9157471,2.4099999999999993,0.7091,5.052623,174.17810000000003,106.9157471,0.7,-0.1,0.030000000000000006,1.4,17.0,0.0,1.0,1.2000000000000006,0.0
164.0,2024.0,11.0,30.0,11.0,47.0,42.0,46.341209799999994,-119.26479479999998,1.4,1.3240000000000003,105.59174709999999,106.9157471,2.3999999999999995,0.707,5.712652,175.05780000000001,106.9157471,0.7,-0.1,0.0,1.4,17.0,0.0,1.0,1.1850000000000007,0.0
165.0,2024.0,11.0,30.0,11.0,47.0,43.0,46.341216800000005,-119.26479709999998,1.42,1.3099999999999998,105.62574709999998,106.9357471,2.4299999999999997,0.707,6.3879600000000005,175.9547,106.9357471,0.7,-0.1,0.0,1.42,17.0,0.0,1.0,1.1850000000000007,0.0
166.0,2024.0,11.0,30.0,11.0,47.0,44.0,46.3412238,-119.2647988,1.5,1.358,105.65774710000001,107.0157471,2.5,0.7007,7.100047999999999,176.7737,107.0157471,0.7,-0.01,0.0,1.5,17.0,0.0,1.0,1.1850000000000007,0.0
167.0,2024.0,11.0,30.0,11.0,47.0,45.0,46.3412307,-119.26479989999999,1.5,1.3290000000000002,105.6867471,107.0157471,2.5100000000000002,0.7,7.8262290000000005,177.615,107.0157471,0.7,0.0,0.0,1.5,17.0,0.0,1.0,1.1850000000000007,0.0
168.0,2024.0,11.0,30.0,11.0,47.0,46.0,46.3412378,-119.26480099999999,1.44,1.2399999999999998,105.7157471,106.95574710000001,2.4499999999999997,0.7077,8.582496,178.4838,106.95574710000001,0.7,-0.06000000000000001,0.05,1.44,17.0,0.0,1.0,1.1600000000000008,0.0
169.0,2024.0,11.0,30.0,11.0,47.0,47.0,46.34124490000001,-119.2648025,1.4,1.169,105.7467471,106.9157471,2.4199999999999995,0.707,9.340016999999998,179.34089999999998,106.9157471,0.7,-0.1,0.0,1.4,17.0,0.0,1.0,1.135000000000001,0.0
170.0,2024.0,11.0,30.0,11.0,47.0,48.0,46.341251899999996,-119.2648043,1.4,1.138,105.77774709999998,106.9157471,2.47,0.707,10.089656,180.2364,106.9157471,0.7,-0.1,0.0,1.4,17.0,0.0,1.0,1.135000000000001,0.0
171.0,2024.0,11.0,30.0,11.0,47.0,49.0,46.341258700000004,-119.26480659999997,1.48,1.186,105.80974709999998,106.99574709999999,2.5300000000000002,0.707,10.818679999999999,181.0528,106.99574709999999,0.7,-0.1,0.0,1.48,17.0,0.0,1.0,1.135000000000001,0.0
172.0,2024.0,11.0,30.0,11.0,47.0,50.0,46.341265400000005,-119.26480889999998,1.5,1.172,105.8437471,107.0157471,2.5100000000000002,0.707,11.542800000000002,181.89010000000002,107.0157471,0.7,-0.1,0.0,1.5,17.0,0.0,1.0,1.135000000000001,0.0
173.0,2024.0,11.0,30.0,11.0,47.0,51.0,46.3412721,-119.26481119999998,1.45,1.0899999999999999,105.87574709999998,106.9657471,2.5100000000000002,0.7084,12.272029999999997,182.7482,106.9657471,0.7,-0.1,0.02,1.45,17.0,0.0,1.0,1.1250000000000009,0.0
174.0,2024.0,11.0,30.0,11.0,47.0,52.0,46.3412789,-119.26481340000001,1.4,1.008,105.90774710000001,106.9157471,2.45,0.7111999999999999,13.016839999999998,183.56779999999998,106.9157471,0.7,-0.12,0.0,1.4,17.0,0.0,1.0,1.1150000000000009,0.0
175.0,2024.0,11.0,30.0,11.0,47.0,53.0,46.341286100000005,-119.2648159,1.4,0.9730000000000072,105.94274709999999,106.9157471,2.3999999999999995,0.7174999999999999,13.80875,184.4281,106.9157471,0.7,-0.15,0.0,1.4,17.0,0.0,1.0,1.1150000000000009,0.0
176.0,2024.0,11.0,30.0,11.0,47.0,54.0,46.341293,-119.2648185,1.4,0.938000000000007,105.97774710000002,106.9157471,2.5,0.7154,14.57063,185.28410000000002,106.9157471,0.7,-0.14000000000000004,0.0,1.4,17.0,0.0,1.0,1.1150000000000009,0.0
177.0,2024.0,11.0,30.0,11.0,47.0,55.0,46.34129969999999,-119.26482100000001,1.46,0.9660000000000061,106.0097471,106.97574709999999,2.5500000000000003,0.707,15.31338,186.1313,106.97574709999999,0.7,-0.1,0.0,1.46,17.0,0.0,1.0,1.1150000000000009,0.0
178.0,2024.0,11.0,30.0,11.0,47.0,56.0,46.34130660000001,-119.26482310000002,1.5,0.974000000000007,106.0417471,107.0157471,2.6000000000000005,0.7268,16.08073,187.00169999999997,107.0157471,0.72,-0.1,0.0,1.5,17.0,0.0,1.0,1.1150000000000009,0.0
179.0,2024.0,11.0,30.0,11.0,47.0,57.0,46.3413136,-119.2648246,1.5,0.943000000000007,106.07274710000002,107.0157471,2.6000000000000005,0.8018000000000001,16.860059999999997,187.8848,107.0157471,0.8,-0.030000000000000006,0.0,1.5,17.0,0.0,1.0,1.1150000000000009,0.0
180.0,2024.0,11.0,30.0,11.0,47.0,58.0,46.3413211,-119.26482610000001,1.42,0.8310000000000081,106.10474710000001,106.9357471,2.4799999999999995,0.795,17.695729999999998,188.77579999999998,106.9357471,0.79,-0.05,0.030000000000000006,1.42,17.0,0.0,1.0,1.100000000000001,0.0
181.0,2024.0,11.0,30.0,11.0,47.0,59.0,46.3413282,-119.26482730000001,1.4,0.7810000000000029,106.1347471,106.9157471,2.31,0.7300000000000001,18.48696,189.594,106.9157471,0.7300000000000001,0.0,0.0,1.4,17.0,0.0,1.0,1.085000000000001,0.0
182.0,2024.0,11.0,30.0,11.0,48.0,0.0,46.341335300000004,-119.26482819999998,1.4,0.752000000000004,106.1637471,106.9157471,2.5,0.74,19.27789,190.40519999999998,106.9157471,0.74,0.0,0.0,1.4,17.0,0.0,1.0,1.085000000000001,0.0
183.0,2024.0,11.0,30.0,11.0,48.0,1.0,46.341342499999996,-119.26482920000001,1.41,0.733000000000007,106.19274709999999,106.9257471,2.5200000000000005,0.79,20.08031,191.2298,106.9257471,0.79,0.0,0.0,1.41,17.0,0.0,1.0,1.085000000000001,0.0
184.0,2024.0,11.0,30.0,11.0,48.0,2.0,46.3413497,-119.26483049999999,1.5,0.791000000000006,106.22474710000002,107.0157471,2.6000000000000005,0.8,20.88362,192.0616,107.0157471,0.8,0.0,0.0,1.5,17.0,0.0,1.0,1.085000000000001,0.0
185.0,2024.0,11.0,30.0,11.0,48.0,3.0,46.34135690000001,-119.26483160000001,1.5,0.761000000000007,106.2547471,107.0157471,2.6000000000000005,0.8,21.6866,192.8886,107.0157471,0.8,0.0,0.0,1.5,17.0,0.0,1.0,1.085000000000001,0.0
186.0,2024.0,11.0,30.0,11.0,48.0,4.0,46.341364299999995,-119.2648321,1.44,0.673000000000005,106.28274709999998,106.95574710000001,2.52,0.8024000000000001,22.51037,193.74730000000002,106.95574710000001,0.8,0.01,0.030000000000000006,1.44,17.0,0.0,1.0,1.0700000000000012,0.0
187.0,2024.0,11.0,30.0,11.0,48.0,5.0,46.34137159999999,-119.26483090000002,1.4,0.612000000000009,106.30374709999998,106.9157471,2.5,0.7232,23.31889,194.62290000000002,106.9157471,0.71,0.13000000000000003,0.0,1.4,17.0,0.0,1.0,1.0550000000000013,0.0
188.0,2024.0,11.0,30.0,11.0,48.0,6.0,46.3413786,-119.26482920000001,1.4,0.591000000000007,106.32474710000001,106.9157471,2.54,0.7306999999999999,24.0936,195.47899999999998,106.9157471,0.7299999999999999,0.01,0.0,1.4,17.0,0.0,1.0,1.0550000000000013,0.0
189.0,2024.0,11.0,30.0,11.0,48.0,7.0,46.3413859,-119.264829,1.47,0.6380000000000059,106.34774710000002,106.9857471,2.6000000000000005,0.8,24.90484,196.29559999999998,106.9857471,0.8,0.0,0.0,1.47,17.0,0.0,1.0,1.0550000000000013,0.0
190.0,2024.0,11.0,30.0,11.0,48.0,8.0,46.341393,-119.26482840000001,1.5,0.649000000000009,106.3667471,107.0157471,2.6000000000000005,0.7142,25.693329999999996,197.09949999999998,107.0157471,0.71,0.06,0.0,1.5,17.0,0.0,1.0,1.0550000000000013,0.0
191.0,2024.0,11.0,30.0,11.0,48.0,9.0,46.341399900000006,-119.2648271,1.48,0.617000000000003,106.37874710000001,106.99574709999999,2.6000000000000005,0.7062999999999999,26.45884,197.8979,106.99574709999999,0.7,0.08,0.01,1.48,17.0,0.0,1.0,1.0500000000000014,0.0
192.0,2024.0,11.0,30.0,11.0,48.0,10.0,46.3414068,-119.2648257,1.4,0.526000000000006,106.3897471,106.9157471,2.6000000000000005,0.7135,27.22475,198.6987,106.9157471,0.71,0.030000000000000006,0.02,1.4,17.0,0.0,1.0,1.0350000000000015,0.0
193.0,2024.0,11.0,30.0,11.0,48.0,11.0,46.3414138,-119.264825,1.4,0.5149999999999999,106.40074709999999,106.9157471,2.56,0.8,28.00266,199.4941,106.9157471,0.8,0.0,0.0,1.4,17.0,0.0,1.0,1.0250000000000015,0.0
194.0,2024.0,11.0,30.0,11.0,48.0,12.0,46.3414212,-119.26482410000001,1.41,0.508000000000008,106.4177471,106.9257471,2.63,0.75,28.82509,200.3384,106.9257471,0.75,0.0,0.0,1.41,17.0,0.0,1.0,1.0250000000000015,0.0
195.0,2024.0,11.0,30.0,11.0,48.0,13.0,46.3414281,-119.264823,1.5,0.587000000000003,106.42874709999998,107.0157471,2.7,0.7,29.592019999999998,201.1321,107.0157471,0.7,0.0,0.0,1.5,17.0,0.0,1.0,1.0250000000000015,0.0
196.0,2024.0,11.0,30.0,11.0,48.0,14.0,46.3414351,-119.264823,1.5,0.5710000000000081,106.44474710000001,107.0157471,2.7,0.7,30.370489999999997,201.9105,107.0157471,0.7,0.0,0.0,1.5,17.0,0.0,1.0,1.0250000000000015,0.0
197.0,2024.0,11.0,30.0,11.0,48.0,15.0,46.34144210000001,-119.2648235,1.44,0.495000000000005,106.4607471,106.95574710000001,2.6700000000000004,0.7041999999999999,31.149070000000002,202.7273,106.95574710000001,0.7,-0.06000000000000001,0.0,1.44,17.0,0.0,1.0,1.0250000000000015,0.0
198.0,2024.0,11.0,30.0,11.0,48.0,16.0,46.3414491,-119.26482400000002,1.4,0.436000000000006,106.47974710000001,106.9157471,2.54,0.7,31.92762,203.5442,106.9157471,0.7,0.0,0.0,1.4,17.0,0.0,1.0,1.0250000000000015,0.0
199.0,2024.0,11.0,30.0,11.0,48.0,17.0,46.341456199999996,-119.26482460000003,1.4,0.41800000000001003,106.4977471,106.9157471,2.5,0.71,32.71748,204.38220000000004,106.9157471,0.71,0.0,0.0,1.4,17.0,0.0,1.0,1.0250000000000015,0.0
200.0,2024.0,11.0,30.0,11.0,48.0,18.0,46.3414632,-119.26482390000001,1.4,0.404000000000004,106.51174710000001,106.9157471,2.5,0.7034999999999999,33.49561,205.2684,106.9157471,0.7,0.05,0.0,1.4,17.0,0.0,1.0,1.0250000000000015,0.0
201.0,2024.0,11.0,30.0,11.0,48.0,19.0,46.341470300000005,-119.26482280000002,1.43,0.42200000000000804,106.5237471,106.94574710000002,2.5500000000000003,0.7007,34.28493,206.1317,106.94574710000002,0.7,0.01,0.0,1.43,17.0,0.0,1.0,1.0250000000000015,0.0
202.0,2024.0,11.0,30.0,11.0,48.0,20.0,46.3414772,-119.2648217,1.5,0.4780000000000021,106.5377471,107.0157471,2.6000000000000005,0.7,35.052170000000004,206.92549999999997,107.0157471,0.7,0.0,0.0,1.5,17.0,0.0,1.0,1.0250000000000015,0.0
203.0,2024.0,11.0,30.0,11.0,48.0,21.0,46.3414845,-119.26482050000001,1.5,0.46400000000001,106.55174709999999,107.0157471,2.6000000000000005,0.7,35.864149999999995,207.766,107.0157471,0.7,0.0,0.0,1.5,17.0,0.0,1.0,1.0250000000000015,0.0
204.0,2024.0,11.0,30.0,11.0,48.0,22.0,46.3414914,-119.26481960000001,1.4300000000000002,0.380000000000002,106.5657471,106.94574709999999,2.6000000000000005,0.7,36.63174000000001,208.57600000000002,106.94574709999999,0.7,0.0,0.0,1.4300000000000002,17.0,0.0,1.0,1.0250000000000015,0.0
205.0,2024.0,11.0,30.0,11.0,48.0,23.0,46.3414985,-119.26481900000002,1.4,0.33500000000001,106.58074710000001,106.9157471,2.5,0.7,37.421589999999995,209.4116,106.9157471,0.7,0.0,0.0,1.4,17.0,0.0,1.0,1.0250000000000015,0.0
206.0,2024.0,11.0,30.0,11.0,48.0,24.0,46.341505899999994,-119.26481950000002,1.4,0.31500000000000494,106.6007471,106.9157471,2.5,0.71,38.244279999999996,210.27290000000002,106.9157471,0.71,0.0,0.0,1.4,17.0,0.0,1.0,1.0250000000000015,0.0
207.0,2024.0,11.0,30.0,11.0,48.0,25.0,46.341512800000004,-119.2648197,1.4,0.301000000000009,106.6147471,106.9157471,2.5,0.7212,39.01147999999999,211.0857,106.9157471,0.72,0.02,0.0,1.4,17.0,0.0,1.0,1.0250000000000015,0.0
208.0,2024.0,11.0,30.0,11.0,48.0,26.0,46.3415198,-119.26481830000003,1.4,0.28600000000000403,106.6297471,106.9157471,2.55,0.8036000000000001,39.79057999999999,211.89790000000002,106.9157471,0.8,0.06,0.0,1.4,17.0,0.0,1.0,1.0250000000000015,0.0
209.0,2024.0,11.0,30.0,11.0,48.0,27.0,46.341527,-119.264817,1.5,0.371000000000003,106.64474709999999,107.0157471,2.62,0.8,40.592000000000006,212.72959999999998,107.0157471,0.8,0.0,0.0,1.5,17.0,0.0,1.0,1.0250000000000015,0.0
210.0,2024.0,11.0,30.0,11.0,48.0,28.0,46.3415344,-119.26481770000001,1.5,0.353000000000005,106.6627471,107.0157471,2.6100000000000003,0.7844,41.414469999999994,213.56930000000003,107.0157471,0.78,-0.06999999999999999,0.0,1.5,17.0,0.0,1.0,1.0250000000000015,0.0
211.0,2024.0,11.0,30.0,11.0,48.0,29.0,46.3415415,-119.26481989999999,1.44,0.272000000000006,106.6837471,106.95574710000001,2.56,0.7723000000000001,42.20306,214.4273,106.95574710000001,0.76,-0.13,0.0,1.44,17.0,0.0,1.0,1.0250000000000015,0.0
212.0,2024.0,11.0,30.0,11.0,48.0,30.0,46.3415488,-119.26482260000003,1.4,0.21100000000000502,106.7047471,106.9157471,2.5,0.825,43.014590000000005,215.39880000000002,106.9157471,0.8,-0.2,0.0,1.4,17.0,0.0,1.0,1.0250000000000015,0.0
213.0,2024.0,11.0,30.0,11.0,48.0,31.0,46.3415559,-119.26482530000001,1.4,0.192000000000009,106.72374710000001,106.9157471,2.5,0.7954000000000001,43.80485,216.3481,106.9157471,0.79,-0.09,0.0,1.4,17.0,0.0,1.0,1.0250000000000015,0.0
214.0,2024.0,11.0,30.0,11.0,48.0,32.0,46.3415631,-119.2648269,1.4,0.17200000000000698,106.7437471,106.9157471,2.56,0.7055999999999999,44.60637,217.2398,106.9157471,0.7,-0.08,0.0,1.4,17.0,0.0,1.0,1.0250000000000015,0.0
215.0,2024.0,11.0,30.0,11.0,48.0,33.0,46.341570399999995,-119.2648285,1.49,0.245000000000005,106.7607471,107.00574710000001,2.6000000000000005,0.7565,45.41933,218.148,107.00574710000001,0.75,-0.1,0.0,1.49,17.0,0.0,1.0,1.0250000000000015,0.0
216.0,2024.0,11.0,30.0,11.0,48.0,34.0,46.34157760000001,-119.2648301,1.5,0.23700000000000498,106.77874709999999,107.0157471,2.68,0.7763,46.22145,218.98700000000002,107.0157471,0.7699999999999999,-0.1,0.0,1.5,17.0,0.0,1.0,1.0250000000000015,0.0
217.0,2024.0,11.0,30.0,11.0,48.0,35.0,46.3415849,-119.26483169999999,1.48,0.199000000000008,106.79674709999999,106.99574709999999,2.6000000000000005,0.7621,47.03497,219.83710000000002,106.99574709999999,0.75,-0.12,0.02,1.48,17.0,0.0,1.0,1.0150000000000015,0.0
218.0,2024.0,11.0,30.0,11.0,48.0,36.0,46.3415921,-119.264834,1.4,0.10000000000000439,106.8157471,106.9157471,2.5100000000000002,0.7543,47.83864,220.73510000000002,106.9157471,0.74,-0.13000000000000003,0.02,1.4,17.0,0.0,1.0,0.9950000000000014,0.0
219.0,2024.0,11.0,30.0,11.0,48.0,37.0,46.341599300000006,-119.26483660000001,1.4,0.08300000000000848,106.8327471,106.9157471,2.5,0.7878999999999999,48.6434,221.6085,106.9157471,0.7700000000000001,-0.16000000000000003,0.0,1.4,17.0,0.0,1.0,0.9850000000000014,0.0
220.0,2024.0,11.0,30.0,11.0,48.0,38.0,46.3416066,-119.26483920000001,1.4,0.06500000000000651,106.8507471,106.9157471,2.5200000000000005,0.7465999999999999,49.4599,222.4826,106.9157471,0.74,-0.1,0.0,1.4,17.0,0.0,1.0,0.9850000000000014,0.0
221.0,2024.0,11.0,30.0,11.0,48.0,39.0,46.341613499999994,-119.2648414,1.49,0.1390000000000081,106.8667471,107.00574710000001,2.6500000000000004,0.7035,50.23166,223.35549999999998,107.00574710000001,0.7,-0.05,0.0,1.49,17.0,0.0,1.0,0.9850000000000014,0.0
222.0,2024.0,11.0,30.0,11.0,48.0,40.0,46.3416206,-119.2648426,1.5,0.13400000000000603,106.88174710000001,107.0157471,2.6400000000000006,0.7442,51.023649999999996,224.20539999999997,107.0157471,0.74,-0.06,0.0,1.5,17.0,0.0,1.0,0.9850000000000014,0.0
223.0,2024.0,11.0,30.0,11.0,48.0,41.0,46.3416276,-119.2648442,1.4600000000000002,0.07900000000000167,106.8967471,106.97574709999999,2.650000000000001,0.707,51.80562,225.0591,106.97574709999999,0.7,-0.06999999999999999,0.030000000000000006,1.4600000000000002,17.0,0.0,1.0,0.9700000000000014,0.0
224.0,2024.0,11.0,30.0,11.0,48.0,42.0,46.341634799999994,-119.26484579999999,1.4,0.0050000000000038685,106.91074710000001,106.9157471,2.6000000000000005,0.707,52.60999,225.9353,106.9157471,0.7,-0.1,0.0,1.4,17.0,0.0,1.0,0.9550000000000014,0.0
225.0,2024.0,11.0,30.0,11.0,48.0,43.0,46.341642,-119.26484760000001,1.4,-0.012999999999994091,106.92874709999998,106.9157471,2.48,0.7062999999999999,53.415110000000006,226.7788,106.9157471,0.7,-0.09,0.0,1.4,17.0,0.0,1.0,0.9550000000000014,0.0
226.0,2024.0,11.0,30.0,11.0,48.0,44.0,46.341649000000004,-119.26484889999999,1.42,-0.005999999999991001,106.94174710000001,106.9357471,2.62,0.7049,54.19676,227.59890000000001,106.9357471,0.7,-0.06999999999999999,0.0,1.42,17.0,0.0,1.0,0.9550000000000014,0.0
227.0,2024.0,11.0,30.0,11.0,48.0,45.0,46.3416561,-119.26485029999999,1.5,0.060000000000003405,106.95574710000001,107.0157471,2.7199999999999998,0.7527999999999999,54.98987999999999,228.4643,107.0157471,0.75,-0.04,0.0,1.5,17.0,0.0,1.0,0.9550000000000014,0.0
228.0,2024.0,11.0,30.0,11.0,48.0,46.0,46.34166329999999,-119.26485189999998,1.5,0.04700000000000951,106.96874710000002,107.0157471,2.7,0.707,55.794889999999995,229.3032,107.0157471,0.7,-0.1,0.0,1.5,17.0,0.0,1.0,0.9550000000000014,0.0
229.0,2024.0,11.0,30.0,11.0,48.0,47.0,46.341670500000006,-119.2648535,1.44,7.602599105815955e-15,106.95574710000001,106.95574710000001,2.6400000000000006,0.7062999999999999,56.6,230.14209999999997,106.95574710000001,0.7,-0.05,0.04,1.44,17.0,0.0,1.0,0.9350000000000014,0.0
230.0,2024.0,11.0,30.0,11.0,48.0,48.0,46.3416776,-119.2648548,1.4,-0.001999999999995576,106.9177471,106.9157471,2.56,0.7021,57.39311,230.9629,106.9157471,0.7,-0.030000000000000006,0.0,1.4,17.0,0.0,1.0,0.9150000000000014,0.0
231.0,2024.0,11.0,30.0,11.0,48.0,49.0,46.341684599999994,-119.26485419999999,1.4,0.035000000000005,106.88074710000001,106.9157471,2.6100000000000003,0.7167,58.16888999999999,231.79699999999997,106.9157471,0.7,0.12000000000000002,0.0,1.4,17.0,0.0,1.0,0.9150000000000014,0.0
232.0,2024.0,11.0,30.0,11.0,48.0,50.0,46.341691000000004,-119.26485019999998,1.41,0.0780000000000069,106.84774710000002,106.9257471,2.71,0.7144999999999999,58.86803999999999,232.7047,106.9257471,0.5700000000000001,0.42000000000000004,0.0,1.41,17.0,0.0,1.0,0.9150000000000014,0.0
233.0,2024.0,11.0,30.0,11.0,48.0,51.0,46.3416957,-119.2648429,1.5,0.191000000000007,106.8247471,107.0157471,2.8,0.7331,59.372730000000004,233.6927,107.0157471,0.32999999999999996,0.65,0.0,1.5,17.0,0.0,1.0,0.9150000000000014,0.0
234.0,2024.0,11.0,30.0,11.0,48.0,52.0,46.3416985,-119.2648332,1.5,0.2,106.8157471,107.0157471,2.8,0.7715,59.66879,234.622,107.0157471,0.11000000000000001,0.76,0.0,1.5,17.0,0.0,1.0,0.9150000000000014,0.0
235.0,2024.0,11.0,30.0,11.0,48.0,53.0,46.341699,-119.26482250000001,1.4600000000000002,0.16000000000000003,106.8157471,106.97574709999999,2.79,0.78,59.71809999999999,235.4726,106.97574709999999,0.0,0.78,0.0,1.4600000000000002,17.0,0.0,1.0,0.9150000000000014,0.0
236.0,2024.0,11.0,30.0,11.0,48.0,54.0,46.341698300000004,-119.26481229999999,1.4,0.09300000000000838,106.82274709999999,106.9157471,2.7,0.7551,59.64496000000001,236.29649999999998,106.9157471,-0.08,0.75,0.0,1.4,17.0,0.0,1.0,0.9150000000000014,0.0
237.0,2024.0,11.0,30.0,11.0,48.0,55.0,46.3416976,-119.2648015,1.4,0.08500000000000948,106.83074710000001,106.9157471,2.7,0.8,59.58319,237.1781,106.9157471,0.0,0.8,0.0,1.4,17.0,0.0,1.0,0.9150000000000014,0.0
238.0,2024.0,11.0,30.0,11.0,48.0,56.0,46.341697800000006,-119.2647901,1.4,0.08000000000000698,106.8357471,106.9157471,2.71,0.8018000000000001,59.63507,238.21790000000001,106.9157471,0.030000000000000006,0.8,0.0,1.4,17.0,0.0,1.0,0.9150000000000014,0.0
239.0,2024.0,11.0,30.0,11.0,48.0,57.0,46.3416989,-119.26477910000001,1.45,0.1300000000000085,106.8357471,106.9657471,2.72,0.806,59.797850000000004,239.1266,106.9657471,0.1,0.8,0.0,1.45,17.0,0.0,1.0,0.9150000000000014,0.0
240.0,2024.0,11.0,30.0,11.0,48.0,58.0,46.3417005,-119.2647679,1.5,0.18000000000000999,106.8357471,107.0157471,2.8,0.8036,60.028859999999995,240.07980000000003,107.0157471,0.06000000000000001,0.8,0.0,1.5,17.0,0.0,1.0,0.9150000000000014,0.0
241.0,2024.0,11.0,30.0,11.0,48.0,59.0,46.341701,-119.26475660000001,1.5,0.18000000000000999,106.8357471,107.0157471,2.8,0.8,60.15046000000001,240.9765,107.0157471,0.0,0.8,0.0,1.5,17.0,0.0,1.0,0.9150000000000014,0.0
242.0,2024.0,11.0,30.0,11.0,49.0,0.0,46.341701,-119.2647456,1.42,0.09300000000000412,106.8427471,106.9357471,2.7,0.8018000000000001,60.22682,241.82090000000002,106.9357471,0.0,0.8,0.030000000000000006,1.42,17.0,0.0,1.0,0.9000000000000014,0.0
243.0,2024.0,11.0,30.0,11.0,49.0,1.0,46.341701,-119.26473510000001,1.4,0.07000000000000202,106.8457471,106.9157471,2.7,0.78,60.310759999999995,242.62709999999998,106.9157471,0.0,0.78,0.0,1.4,17.0,0.0,1.0,0.8850000000000013,0.0
244.0,2024.0,11.0,30.0,11.0,49.0,2.0,46.3417012,-119.26472449999999,1.4,0.07100000000000499,106.84474710000002,106.9157471,2.7,0.7141,60.42809,243.45249999999996,106.9157471,0.06,0.71,0.0,1.4,17.0,0.0,1.0,0.8850000000000013,0.0
245.0,2024.0,11.0,30.0,11.0,49.0,3.0,46.3417025,-119.2647143,1.45,0.229000000000006,106.7367471,106.9657471,2.7300000000000004,0.7756000000000001,60.673390000000005,244.31149999999997,106.9657471,0.09,0.7700000000000001,0.0,1.45,17.0,0.0,1.0,0.8850000000000013,0.0
246.0,2024.0,11.0,30.0,11.0,49.0,4.0,46.3417037,-119.2647035,1.5,0.434000000000007,106.58174709999999,107.0157471,2.8,0.7,60.92381,245.2107,107.0157471,0.0,0.7,0.0,1.5,17.0,0.0,1.0,0.8850000000000013,0.0
247.0,2024.0,11.0,30.0,11.0,49.0,5.0,46.3417036,-119.26469320000001,1.5,0.577000000000006,106.4387471,107.0157471,2.75,0.7407,61.03604,246.06329999999997,107.0157471,0.0,0.74,0.01,1.5,17.0,0.0,1.0,0.8800000000000013,0.0
248.0,2024.0,11.0,30.0,11.0,49.0,6.0,46.341703,-119.26468249999998,1.4,0.624000000000008,106.2917471,106.9157471,2.68,0.7021,61.10869,246.95149999999998,106.9157471,0.0,0.7,0.030000000000000006,1.4,17.0,0.0,1.0,0.8600000000000013,0.0
249.0,2024.0,11.0,30.0,11.0,49.0,7.0,46.3417034,-119.26467169999998,1.4,0.775000000000005,106.1407471,106.9157471,2.6100000000000003,0.7049,61.303149999999995,247.80409999999998,106.9157471,0.06999999999999999,0.7,0.0,1.4,17.0,0.0,1.0,0.8450000000000013,0.0
250.0,2024.0,11.0,30.0,11.0,49.0,8.0,46.341704699999994,-119.26466210000001,1.41,0.9230000000000039,106.00274710000001,106.9257471,2.69,0.707,61.58773,248.6169,106.9257471,0.1,0.7,0.0,1.41,17.0,0.0,1.0,0.8450000000000013,0.0
251.0,2024.0,11.0,30.0,11.0,49.0,9.0,46.341706,-119.26465250000001,1.5,1.15,105.8657471,107.0157471,2.71,0.7106999999999999,61.880219999999994,249.4297,107.0157471,0.01,0.71,0.0,1.5,17.0,0.0,1.0,0.8450000000000013,0.0
252.0,2024.0,11.0,30.0,11.0,49.0,10.0,46.341706,-119.26464250000001,1.5,1.289,105.72674709999998,107.0157471,2.7,0.8,62.046209999999995,250.1975,107.0157471,0.0,0.8,0.0,1.5,17.0,0.0,1.0,0.8450000000000013,0.0
253.0,2024.0,11.0,30.0,11.0,49.0,11.0,46.341706,-119.26463249999999,1.41,1.3379999999999999,105.5877471,106.92574710000001,2.6400000000000006,0.7014,62.221219999999995,250.9653,106.92574710000001,0.0,0.7,0.02,1.41,17.0,0.0,1.0,0.8350000000000013,0.0
254.0,2024.0,11.0,30.0,11.0,49.0,12.0,46.341706,-119.2646225,1.4,1.4669999999999999,105.44874709999999,106.9157471,2.6000000000000005,0.7,62.405190000000005,251.73290000000003,106.9157471,0.0,0.7,0.0,1.4,17.0,0.0,1.0,0.8250000000000013,0.0
255.0,2024.0,11.0,30.0,11.0,49.0,13.0,46.341706599999995,-119.2646129,1.4,1.6,105.3157471,106.9157471,2.6100000000000003,0.5375,62.654509999999995,252.50490000000005,106.9157471,0.07,0.53,0.0,1.4,17.0,0.0,1.0,0.8250000000000013,0.0
256.0,2024.0,11.0,30.0,11.0,49.0,14.0,46.3417063,-119.2646095,1.46,1.7100000000000002,105.2657471,106.97574709999999,2.67,0.41880000000000006,62.68946,252.91769999999997,106.97574709999999,-0.37,-0.16,0.0,1.46,17.0,0.0,1.0,0.8250000000000013,0.0
257.0,2024.0,11.0,30.0,11.0,49.0,15.0,46.3416977,-119.2646139,1.5,1.6689999999999998,105.34674709999999,107.0157471,3.45,1.8164000000000002,61.67816999999999,253.96800000000002,107.0157471,-1.75,-0.48,0.0,1.5,17.0,0.0,1.0,0.8250000000000013,0.0
258.0,2024.0,11.0,30.0,11.0,49.0,16.0,46.3416771,-119.2646207,1.5,1.525,105.4907471,107.0157471,3.19,2.8150000000000004,59.33037999999999,256.3517,107.0157471,-2.7500000000000004,-0.5999999999999999,0.0,1.5,17.0,0.0,1.0,0.8250000000000013,0.0
259.0,2024.0,11.0,30.0,11.0,49.0,17.0,46.341648299999996,-119.26462899999999,1.37,1.2970000000000002,105.5887471,106.8857471,0.32999999999999996,3.6466000000000003,56.072709999999994,259.6325,106.8857471,-3.5800000000000005,-0.6900000000000001,0.04,1.37,17.0,0.0,1.0,0.8050000000000013,0.0
260.0,2024.0,11.0,30.0,11.0,49.0,18.0,46.341611699999994,-119.2646392,1.3400000000000003,1.214,105.6417471,106.85574709999999,1.28,4.5998,51.941370000000006,263.78499999999997,106.85574709999999,-4.5200000000000005,-0.85,-0.05,1.3400000000000003,17.0,0.0,1.0,0.8100000000000013,0.0
261.0,2024.0,11.0,30.0,11.0,49.0,19.0,46.3415662,-119.2646518,1.46,1.286,105.6897471,106.97574709999999,0.0,5.6449,46.81048,268.9445,106.97574709999999,-5.55,-1.0299999999999998,0.0,1.46,17.0,0.0,1.0,0.8350000000000013,0.0
262.0,2024.0,11.0,30.0,11.0,49.0,20.0,46.341511499999996,-119.26466669999999,1.5,1.2879999999999998,105.72774710000002,107.0157471,0.0,6.568900000000001,40.65469999999999,275.1439,107.0157471,-6.460000000000001,-1.19,0.0,1.5,17.0,0.0,1.0,0.8350000000000013,0.0
263.0,2024.0,11.0,30.0,11.0,49.0,21.0,46.3414482,-119.2646835,1.41,1.188,105.7377471,106.92574710000001,0.0,7.641299999999999,33.55782,282.30889999999994,106.92574710000001,-7.510000000000001,-1.4100000000000001,0.0,1.41,17.0,0.0,1.0,0.8350000000000013,0.0
264.0,2024.0,11.0,30.0,11.0,49.0,22.0,46.341377900000005,-119.26470299999998,1.31,1.0959999999999999,105.72974710000001,106.82574709999999,0.49000000000000005,7.8299,25.691899999999997,290.27110000000005,106.82574709999999,-7.7,-1.4200000000000002,0.0,1.31,17.0,0.0,1.0,0.8350000000000013,0.0
265.0,2024.0,11.0,30.0,11.0,49.0,23.0,46.3413115,-119.2647211,1.31,1.15,105.6757471,106.82574709999999,2.79,6.598999999999999,18.34753,297.78979999999996,106.82574709999999,-6.49,-1.19,-0.1,1.31,17.0,0.0,1.0,0.8850000000000013,0.0
266.0,2024.0,11.0,30.0,11.0,49.0,24.0,46.3412584,-119.26473620000002,1.48,1.438,105.5577471,106.99574709999999,2.95,5.1995,12.593879999999999,303.8175,106.99574709999999,-5.119999999999999,-0.9000000000000001,-0.09,1.48,17.0,0.0,1.0,0.9800000000000013,0.0
267.0,2024.0,11.0,30.0,11.0,49.0,25.0,46.3412165,-119.2647469,1.59,1.6620000000000001,105.4437471,107.1057471,2.96,4.3473,8.396974,308.5577,107.1057471,-4.29,-0.7,0.030000000000000006,1.59,17.0,0.0,1.0,1.0100000000000013,0.0
268.0,2024.0,11.0,30.0,11.0,49.0,26.0,46.34118109999999,-119.2647553,1.36,1.529,105.34674709999999,106.87574709999998,2.75,3.6052999999999997,5.615628,312.55889999999994,106.87574709999998,-3.55,-0.6199999999999999,0.08,1.36,17.0,0.0,1.0,0.9550000000000013,0.0
269.0,2024.0,11.0,30.0,11.0,49.0,27.0,46.341151599999996,-119.26476289999998,1.1999999999999997,1.4460000000000002,105.26974709999999,106.7157471,2.6100000000000003,2.7274,4.75623,315.9066,106.7157471,-2.6700000000000004,-0.54,-0.09,1.1999999999999997,17.0,0.0,1.0,0.9600000000000013,0.0
270.0,2024.0,11.0,30.0,11.0,49.0,28.0,46.341131700000005,-119.26476869999999,1.3000000000000003,1.6,105.2157471,106.8157471,2.7800000000000002,1.3763999999999998,5.316548,318.19780000000003,106.8157471,-1.34,-0.26,-0.17,1.3000000000000003,17.0,0.0,1.0,1.0900000000000012,0.0
271.0,2024.0,11.0,30.0,11.0,49.0,29.0,46.3411241,-119.2647714,1.4,1.7159999999999997,105.19974710000001,106.9157471,2.94,0.23570000000000002,5.732483000000001,319.22400000000005,106.9157471,-0.21000000000000002,-0.04,-0.07,1.4,12.6,0.0,1.0,1.2100000000000013,0.0
272.0,2024.0,11.0,30.0,11.0,49.0,30.0,46.34112399999999,-119.264772,1.44,1.75,105.20574710000001,106.95574710000001,3.0,0.0,5.7090000000000005,319.681,106.95574710000001,0.0,0.0,0.0,1.44,6.0,0.0,1.0,1.2450000000000012,0.0
273.0,2024.0,11.0,30.0,11.0,49.0,31.0,46.341124099999995,-119.264772,1.4,1.7100000000000002,105.20574710000001,106.9157471,2.9099999999999993,0.0,5.700819,319.73679999999996,106.9157471,0.0,0.0,0.0,1.4,6.0,0.0,1.0,1.2450000000000012,0.0
274.0,2024.0,11.0,30.0,11.0,49.0,32.0,46.34112399999999,-119.264772,1.47,1.78,105.20574710000001,106.9857471,2.8999999999999995,0.0,5.7090000000000005,319.904,106.9857471,0.0,0.0,0.0,1.47,6.0,0.0,1.0,1.2450000000000012,0.0
275.0,2024.0,11.0,30.0,11.0,49.0,33.0,46.34112399999999,-119.264772,1.5,1.8099999999999998,105.20574710000001,107.0157471,2.79,0.0,5.7090000000000005,319.904,107.0157471,0.0,0.0,0.0,1.5,6.0,0.0,1.0,1.2450000000000012,0.0
276.0,2024.0,11.0,30.0,11.0,49.0,34.0,46.341122999999996,-119.2647723,1.5,1.8169999999999997,105.19874710000002,107.0157471,2.6800000000000006,0.0,5.776623000000001,320.03810000000004,107.0157471,0.0,0.0,0.0,1.5,6.0,0.0,1.0,1.2450000000000012,0.0
277.0,2024.0,11.0,30.0,11.0,49.0,35.0,46.341122999999996,-119.26477290000003,1.41,1.721,105.2047471,106.92574710000001,2.55,0.0,5.746269000000001,320.2374,106.92574710000001,0.0,0.0,0.0,1.41,6.0,0.0,1.0,1.2450000000000012,0.0
278.0,2024.0,11.0,30.0,11.0,49.0,36.0,46.341122999999996,-119.26477300000002,1.4,1.7100000000000002,105.20574710000001,106.9157471,2.5,0.0,5.741210000000001,320.245,106.9157471,0.0,0.0,0.0,1.4,6.0,0.0,1.0,1.2450000000000012,0.0
279.0,2024.0,11.0,30.0,11.0,49.0,37.0,46.341122999999996,-119.26477300000002,1.4,1.7100000000000002,105.20574710000001,106.9157471,2.5,0.0,5.741210000000001,320.245,106.9157471,0.0,0.0,0.0,1.4,6.0,0.0,1.0,1.2450000000000012,0.0
280.0,2024.0,11.0,30.0,11.0,49.0,38.0,46.341122999999996,-119.26477340000001,1.4,1.7100000000000002,105.20574710000001,106.9157471,2.54,0.0,5.7212060000000005,320.2758,106.9157471,0.0,0.0,0.0,1.4,6.0,0.0,1.0,1.2450000000000012,0.0
281.0,2024.0,11.0,30.0,11.0,49.0,39.0,46.341122999999996,-119.26477400000002,1.4,1.7100000000000002,105.20574710000001,106.9157471,2.5900000000000007,0.0,5.6912,320.322,106.9157471,0.0,0.0,0.0,1.4,6.0,0.0,1.0,1.2450000000000012,0.0
282.0,2024.0,11.0,30.0,11.0,49.0,40.0,46.341122999999996,-119.26477400000002,1.4,1.7100000000000002,105.20574710000001,106.9157471,2.6000000000000005,0.0,5.6912,320.322,106.9157471,0.0,0.0,0.0,1.4,6.0,0.0,1.0,1.2450000000000012,0.0
283.0,2024.0,11.0,30.0,11.0,49.0,41.0,46.341122999999996,-119.26477400000002,1.4,1.7100000000000002,105.20574710000001,106.9157471,2.6100000000000003,0.0,5.6912,320.322,106.9157471,0.0,0.0,0.0,1.4,6.0,0.0,1.0,1.2450000000000012,0.0
284.0,2024.0,11.0,30.0,11.0,49.0,42.0,46.341122999999996,-119.26477400000002,1.4,1.7100000000000002,105.20574710000001,106.9157471,2.68,0.0,5.6912,320.322,106.9157471,0.0,0.0,0.0,1.4,6.0,0.0,0.0,1.2450000000000012,0.0
285.0,2024.0,11.0,30.0,11.0,49.0,43.0,46.3411234,-119.26477430000003,1.4,1.707,105.20874710000001,106.9157471,2.7,0.0,5.6424389999999995,320.38950000000006,106.9157471,0.0,0.0,0.0,1.4,6.0,0.0,0.0,1.2450000000000012,0.0
286.0,2024.0,11.0,30.0,11.0,49.0,44.0,46.3411232,-119.26477500000001,1.4,1.7080000000000002,105.2077471,106.9157471,2.71,0.0,5.624784,320.59880000000004,106.9157471,0.0,0.0,0.0,1.4,6.0,0.0,0.0,1.2450000000000012,0.0
287.0,2024.0,11.0,30.0,11.0,49.0,45.0,46.341122999999996,-119.26477500000001,1.4,1.7100000000000002,105.20574710000001,106.9157471,2.71,0.0,5.64179,320.621,106.9157471,0.0,0.0,0.0,1.4,6.0,0.0,0.0,1.2450000000000012,0.0
288.0,2024.0,11.0,30.0,11.0,49.0,46.0,46.341122999999996,-119.26477500000001,1.42,1.73,105.20574710000001,106.9357471,2.7299999999999995,0.0,5.64179,320.621,106.9357471,0.0,0.0,0.0,1.42,6.0,0.0,0.0,1.2450000000000012,0.0
289.0,2024.0,11.0,30.0,11.0,49.0,47.0,46.341122999999996,-119.26477500000001,1.5,1.8099999999999998,105.20574710000001,107.0157471,2.71,0.0,5.64179,320.621,107.0157471,0.0,0.0,0.0,1.5,6.0,0.0,0.0,1.2450000000000012,0.0
290.0,2024.0,11.0,30.0,11.0,49.0,48.0,46.341122999999996,-119.2647752,1.5,1.8080000000000003,105.2077471,107.0157471,2.71,0.0,5.632032000000001,320.6364,107.0157471,0.0,0.0,0.0,1.5,6.0,0.0,0.0,1.2450000000000012,0.0
291.0,2024.0,11.0,30.0,11.0,49.0,49.0,46.341122999999996,-119.26477580000001,1.5,1.802,105.2137471,107.0157471,2.7,0.0,5.602758,320.7134,107.0157471,0.0,0.0,0.0,1.5,6.0,0.0,0.0,1.2450000000000012,0.0
292.0,2024.0,11.0,30.0,11.0,49.0,50.0,46.341122999999996,-119.2647757,1.5,1.8030000000000002,105.2127471,107.0157471,2.7,0.0,5.607637000000001,320.8289,107.0157471,0.0,0.0,0.0,1.5,6.0,0.0,0.0,1.2450000000000012,0.0
293.0,2024.0,11.0,30.0,11.0,49.0,51.0,46.341122999999996,-119.26477600000001,1.5,1.8,105.2157471,107.0157471,2.7,0.0,5.593000000000001,320.852,107.0157471,0.0,0.0,0.0,1.5,6.0,0.0,0.0,1.2450000000000012,0.0
294.0,2024.0,11.0,30.0,11.0,49.0,52.0,46.341122999999996,-119.26477600000001,1.5,1.8,105.2157471,107.0157471,2.7,0.0,5.593000000000001,320.852,107.0157471,0.0,0.0,0.0,1.5,6.0,0.0,0.0,1.2450000000000012,0.0
295.0,2024.0,11.0,30.0,11.0,49.0,53.0,46.341122999999996,-119.26477600000001,1.5,1.8,105.2157471,107.0157471,2.6100000000000003,0.0,5.593000000000001,320.852,107.0157471,0.0,0.0,0.0,1.5,6.0,0.0,0.0,1.2450000000000012,0.0
296.0,2024.0,11.0,30.0,11.0,49.0,54.0,46.341122999999996,-119.26477600000001,1.5,1.8,105.2157471,107.0157471,2.66,0.0,5.593000000000001,320.852,107.0157471,0.0,0.0,0.0,1.5,6.0,0.0,0.0,1.2450000000000012,0.0
297.0,2024.0,11.0,30.0,11.0,49.0,55.0,46.341122999999996,-119.26477600000001,1.5,1.8,105.2157471,107.0157471,2.7,0.0,5.593000000000001,320.852,107.0157471,0.0,0.0,0.0,1.5,6.0,0.0,0.0,1.2450000000000012,0.0
298.0,2024.0,11.0,30.0,11.0,49.0,56.0,46.3411229,-119.2647762,1.5,1.8,105.2157471,107.0157471,2.7,0.0,5.59211,320.87839999999994,107.0157471,0.0,0.0,0.0,1.5,6.0,0.0,0.0,1.2450000000000012,0.0
299.0,2024.0,11.0,30.0,11.0,49.0,57.0,46.34112259999999,-119.26477700000001,1.5,1.8,105.2157471,107.0157471,2.7,0.0,5.57981,321.19540000000006,107.0157471,0.0,0.0,0.0,1.5,6.0,0.0,0.0,1.2450000000000012,0.0
300.0,2024.0,11.0,30.0,11.0,49.0,58.0,46.341122,-119.26477700000001,1.5,1.8,105.2157471,107.0157471,2.7,0.0,5.63225,321.26200000000006,107.0157471,0.0,0.0,0.0,1.5,6.0,0.0,0.0,1.2450000000000012,0.0
301.0,2024.0,11.0,30.0,11.0,49.0,59.0,46.341122,-119.26477700000001,1.5,1.8,105.2157471,107.0157471,2.7,0.0,5.63225,321.26200000000006,107.0157471,0.0,0.0,0.0,1.5,6.0,0.0,0.0,1.2450000000000012,0.0
302.0,2024.0,11.0,30.0,11.0,50.0,0.0,46.341122,-119.26477700000001,1.5,1.8,105.2157471,107.0157471,2.7,0.0,5.63225,321.26200000000006,107.0157471,0.0,0.0,0.0,1.5,6.0,0.0,0.0,1.2450000000000012,0.0
303.0,2024.0,11.0,30.0,11.0,50.0,1.0,46.341122,-119.26477700000001,1.5,1.8,105.2157471,107.0157471,2.7,0.0,5.63225,321.26200000000006,107.0157471,0.0,0.0,0.0,1.5,18.8,0.0,0.0,1.2450000000000012,0.0
304.0,2024.0,11.0,30.0,11.0,50.0,2.0,46.341122,-119.26477700000001,1.5,1.8,105.2157471,107.0157471,2.7,0.0,5.63225,321.26200000000006,107.0157471,0.0,0.0,0.0,1.5,38.0,0.0,0.0,1.2450000000000012,0.0
305.0,2024.0,11.0,30.0,11.0,50.0,3.0,46.341122,-119.26477700000001,1.5,1.8,105.2157471,107.0157471,2.69,0.0,5.63225,321.26200000000006,107.0157471,0.0,0.0,0.0,1.5,38.0,0.0,0.0,1.2450000000000012,0.0
306.0,2024.0,11.0,30.0,11.0,50.0,4.0,46.341121199999996,-119.26477700000001,1.5,1.8079999999999998,105.2077471,107.0157471,2.6700000000000004,0.0,5.7028419999999995,321.3508,107.0157471,0.0,0.0,0.0,1.5,38.0,0.0,0.0,1.2450000000000012,0.0
307.0,2024.0,11.0,30.0,11.0,50.0,5.0,46.341121,-119.26477700000001,1.5,1.8099999999999998,105.20574710000001,107.0157471,2.69,0.0,5.72049,321.373,107.0157471,0.0,0.0,0.0,1.5,38.0,0.0,0.0,1.2450000000000012,0.0
308.0,2024.0,11.0,30.0,11.0,50.0,6.0,46.341121,-119.2647772,1.5,1.8080000000000003,105.2077471,107.0157471,2.6900000000000004,0.0,5.711282,321.38839999999993,107.0157471,0.0,0.0,0.0,1.5,38.0,0.0,0.0,1.2450000000000012,0.0
309.0,2024.0,11.0,30.0,11.0,50.0,7.0,46.341121,-119.264778,1.5,1.8,105.2157471,107.0157471,2.6000000000000005,0.0,5.67445,321.44999999999993,107.0157471,0.0,0.0,0.0,1.5,38.0,0.0,0.0,1.2450000000000012,0.0
310.0,2024.0,11.0,30.0,11.0,50.0,8.0,46.3411214,-119.26477820000002,1.5,1.8,105.2157471,107.0157471,2.6000000000000005,0.0726,5.629648,321.5098,107.0157471,0.06000000000000001,-0.04,0.0,1.5,38.0,0.0,0.0,1.2450000000000012,0.0
311.0,2024.0,11.0,30.0,11.0,50.0,9.0,46.3411248,-119.26478159999999,1.5,1.7770000000000004,105.2387471,107.0157471,2.6600000000000006,0.8377000000000001,5.170560999999999,322.0273,107.0157471,0.7300000000000001,-0.41,0.0,1.5,38.0,0.0,0.0,1.2450000000000012,0.0
312.0,2024.0,11.0,30.0,11.0,50.0,10.0,46.3411335,-119.2647886,1.5,1.72,105.2957471,107.0157471,2.6000000000000005,1.1516,4.077382,323.1994,107.0157471,1.0,-0.57,0.0,1.5,38.0,0.0,0.0,1.2450000000000012,0.0
313.0,2024.0,11.0,30.0,11.0,50.0,11.0,46.3411426,-119.264796,1.5,1.6599999999999997,105.3557471,107.0157471,2.5900000000000003,1.0828,2.9410179999999992,324.4359,107.0157471,0.96,-0.5,0.0,1.5,38.0,0.0,0.0,1.2450000000000012,0.0
314.0,2024.0,11.0,30.0,11.0,50.0,12.0,46.3411514,-119.2648023,1.5,1.6060000000000003,105.4097471,107.0157471,2.52,0.7701,1.920722,325.6235,107.0157471,0.7000000000000001,-0.32000000000000006,0.0,1.5,38.0,0.0,0.0,1.2450000000000012,0.0
315.0,2024.0,11.0,30.0,11.0,50.0,13.0,46.3411552,-119.26480489999999,1.5,1.582,105.43374709999998,107.0157471,2.5,0.06240000000000001,1.5164819999999999,326.29769999999996,107.0157471,0.06000000000000001,-0.01,0.0,1.5,38.0,0.0,0.0,1.2450000000000012,0.0
316.0,2024.0,11.0,30.0,11.0,50.0,14.0,46.341155,-119.264805,1.5,1.58,105.4357471,107.0157471,2.5200000000000005,0.0,1.51965,326.639,107.0157471,0.0,0.0,0.0,1.5,38.0,0.0,0.0,1.2450000000000012,0.0
317.0,2024.0,11.0,30.0,11.0,50.0,15.0,46.341155,-119.26480439999997,1.5,1.5859999999999999,105.42974709999999,107.0157471,2.5900000000000007,0.0,1.559508,326.6852,107.0157471,0.0,0.0,0.0,1.5,38.0,0.0,0.0,1.2450000000000012,0.0
318.0,2024.0,11.0,30.0,11.0,50.0,16.0,46.341155,-119.264805,1.5,1.58,105.4357471,107.0157471,2.54,0.0,1.51965,326.792,107.0157471,0.0,0.0,0.0,1.5,38.0,0.0,0.0,1.2450000000000012,0.0
319.0,2024.0,11.0,30.0,11.0,50.0,17.0,46.341155,-119.264805,1.5,1.58,105.4357471,107.0157471,2.52,0.0,1.51965,326.792,107.0157471,0.0,0.0,0.0,1.5,38.0,0.0,0.0,1.2450000000000012,0.0
320.0,2024.0,11.0,30.0,11.0,50.0,18.0,46.3411555,-119.264805,1.5,1.58,105.4357471,107.0157471,2.5,0.0,1.492725,326.9814,107.0157471,0.0,0.0,0.0,1.5,38.0,0.0,0.0,1.2450000000000012,0.0
321.0,2024.0,11.0,30.0,11.0,50.0,19.0,46.341156,-119.26480539999997,1.5,1.58,105.4357471,107.0157471,2.5,0.0,1.4386320000000001,327.1568,107.0157471,0.0,0.0,0.0,1.5,38.0,0.0,0.0,1.2450000000000012,0.0
322.0,2024.0,11.0,30.0,11.0,50.0,20.0,46.341156,-119.26480599999998,1.5,1.58,105.4357471,107.0157471,2.5,0.0,1.3978800000000002,327.203,107.0157471,0.0,0.0,0.0,1.5,38.0,0.0,0.0,1.2450000000000012,0.0
323.0,2024.0,11.0,30.0,11.0,50.0,21.0,46.341155900000004,-119.26480609999999,1.5,1.58,105.4357471,107.0157471,2.5,0.04240000000000001,1.3970930000000001,327.2165,107.0157471,-0.01,-0.04,0.0,1.5,38.0,0.0,0.0,1.2450000000000012,0.0
324.0,2024.0,11.0,30.0,11.0,50.0,22.0,46.341154800000005,-119.26480829999998,1.5,1.573,105.44274710000002,107.0157471,2.5,0.28839999999999993,1.3244209999999998,327.4497,107.0157471,-0.1,-0.26999999999999996,0.0,1.5,38.0,0.0,0.0,1.2450000000000012,0.0
325.0,2024.0,11.0,30.0,11.0,50.0,23.0,46.34115310000001,-119.264813,1.5,1.5630000000000002,105.45274710000001,107.0157471,2.3999999999999995,0.4253,1.214094,327.94629999999995,107.0157471,-0.19,-0.38,0.0,1.5,38.0,0.0,0.0,1.2450000000000012,0.0
326.0,2024.0,11.0,30.0,11.0,50.0,24.0,46.34115140000001,-119.26481740000001,1.4600000000000002,1.512,105.4637471,106.97574709999999,2.2399999999999998,0.3205,1.23276,328.3996,106.97574709999999,-0.030000000000000006,-0.1,0.22000000000000003,1.4600000000000002,38.0,0.0,0.0,1.1350000000000011,0.0
327.0,2024.0,11.0,30.0,11.0,50.0,25.0,46.34115100000001,-119.26481800000002,0.86,0.9100000000000058,105.4657471,106.37574710000001,1.6400000000000001,0.61,1.26122,328.469,106.37574710000001,0.0,0.0,0.61,0.86,38.0,0.0,0.0,0.7200000000000011,0.0
328.0,2024.0,11.0,30.0,11.0,50.0,26.0,46.34115100000001,-119.26481800000002,0.5999999999999999,0.65000000000001,105.4657471,106.1157471,1.4,0.0,1.26122,328.469,106.1157471,0.0,0.0,0.0,0.5999999999999999,38.0,0.0,0.0,0.4150000000000011,0.0
329.0,2024.0,11.0,30.0,11.0,50.0,27.0,46.3411516,-119.2648181,0.5999999999999999,0.64900000000001,105.46674709999999,106.1157471,1.4,0.18680000000000002,1.1947830000000002,328.538,106.1157471,0.18000000000000002,-0.04,0.0,0.5999999999999999,38.0,0.0,0.0,0.4150000000000011,0.0
330.0,2024.0,11.0,30.0,11.0,50.0,28.0,46.34115490000001,-119.2648197,0.5999999999999999,0.633000000000005,105.48274710000001,106.1157471,1.36,0.41079999999999994,0.8094192,328.94309999999996,106.1157471,0.4,-0.09,0.0,0.5999999999999999,38.0,0.0,0.0,0.4150000000000011,0.0
331.0,2024.0,11.0,30.0,11.0,50.0,29.0,46.3411576,-119.26482100000001,0.5999999999999999,0.62000000000001,105.49574709999999,106.1157471,1.3000000000000003,0.030000000000000006,0.49536299999999994,329.2746,106.1157471,0.030000000000000006,0.0,0.0,0.5999999999999999,38.0,0.0,0.0,0.4150000000000011,0.0
332.0,2024.0,11.0,30.0,11.0,50.0,30.0,46.341158,-119.26482110000002,0.51,0.52900000000001,105.4967471,106.02574709999999,1.3000000000000003,0.0,0.45074329999999996,329.3267,106.02574709999999,0.0,0.0,0.0,0.51,38.0,0.0,0.0,0.4150000000000011,0.0
333.0,2024.0,11.0,30.0,11.0,50.0,31.0,46.341157,-119.26482280000002,0.5,0.51400000000001,105.50174709999999,106.0157471,1.29,0.15000000000000005,0.562303,329.5686,106.0157471,0.0,-0.15000000000000005,0.0,0.5,38.0,0.0,0.0,0.4150000000000011,0.0
334.0,2024.0,11.0,30.0,11.0,50.0,32.0,46.34115680000001,-119.26482419999999,0.39,0.40000000000000996,105.50574709999998,105.90574709999999,1.0799999999999998,0.26999999999999996,0.6026466,329.688,105.90574709999999,0.0,0.0,0.26999999999999996,0.39,38.0,0.0,0.0,0.28000000000000114,0.0
335.0,2024.0,11.0,30.0,11.0,50.0,33.0,46.3411569,-119.26482400000002,0.09000000000000001,0.10000000000000801,105.50574709999998,105.6057471,0.78,0.2,0.5876245000000001,330.0753000000001,105.6057471,0.0,0.0,0.2,0.09000000000000001,38.0,0.0,0.0,0.04500000000000115,0.0
336.0,2024.0,11.0,30.0,11.0,50.0,34.0,46.341157,-119.26482400000002,0.0,0.010000000000005001,105.50574709999998,105.5157471,0.61,0.05,0.576841,330.1530000000001,105.5157471,0.0,0.0,0.05,0.0,38.0,0.0,0.0,-0.07999999999999885,0.0
337.0,2024.0,11.0,30.0,11.0,50.0,35.0,46.341157,-119.26482430000002,0.0,0.007000000000003501,105.50874710000001,105.5157471,0.5999999999999999,0.05,0.5843419000000001,330.1761,105.5157471,0.0,-0.05,0.0,0.0,38.0,0.0,0.0,-0.10499999999999884,0.0
338.0,2024.0,11.0,30.0,11.0,50.0,36.0,46.341157,-119.264825,-0.01,-0.01,105.5157471,105.50574710000001,0.59,0.02,0.601844,330.23,105.50574710000001,0.0,0.0,0.02,-0.01,38.0,0.0,0.0,-0.11499999999999884,0.0
339.0,2024.0,11.0,30.0,11.0,50.0,37.0,46.341157,-119.264825,-0.01,-0.01,105.5157471,105.50574710000001,0.5599999999999999,0.0,0.601844,330.23,105.50574710000001,0.0,0.0,0.0,-0.01,38.0,0.0,0.0,-0.12499999999999883,0.0
340.0,2024.0,11.0,30.0,11.0,50.0,38.0,46.341157,-119.264825,0.0,0.0,105.5157471,105.5157471,0.5,0.0,0.601844,330.23,105.5157471,0.0,0.0,0.0,0.0,38.0,0.0,0.0,-0.12499999999999883,0.0
341.0,2024.0,11.0,30.0,11.0,50.0,39.0,46.341157,-119.264825,0.0,0.0,105.5157471,105.5157471,0.5,0.0,0.601844,330.23,105.5157471,0.0,0.0,0.0,0.0,38.0,0.0,0.0,-0.12499999999999883,0.0
342.0,2024.0,11.0,30.0,11.0,50.0,40.0,46.341157,-119.264825,0.0,0.0,105.5157471,105.5157471,0.5,0.0,0.601844,330.23,105.5157471,0.0,0.0,0.0,0.0,38.0,0.0,0.0,-0.12499999999999883,0.0
343.0,2024.0,11.0,30.0,11.0,50.0,41.0,46.341157,-119.264825,0.0,0.0,105.5157471,105.5157471,0.5,0.01,0.601844,330.23,105.5157471,0.01,0.0,0.0,0.0,38.0,0.0,0.0,-0.12499999999999883,0.0
344.0,2024.0,11.0,30.0,11.0,50.0,42.0,46.3411579,-119.264825,0.0,0.0,105.5157471,105.5157471,0.5,0.11000000000000001,0.5115484,330.3299,105.5157471,0.11000000000000001,0.0,0.0,0.0,38.0,0.0,0.0,-0.12499999999999883,0.0
345.0,2024.0,11.0,30.0,11.0,50.0,43.0,46.341159,-119.26482560000002,0.0,-0.005999999999994539,105.5217471,105.5157471,0.5,0.02,0.434222,330.4982,105.5157471,0.02,0.0,0.0,0.0,38.0,0.0,0.0,-0.12499999999999883,0.0
346.0,2024.0,11.0,30.0,11.0,50.0,44.0,46.3411588,-119.264825,0.0,0.0,105.5157471,105.5157471,0.5,0.15,0.4245012,330.6282,105.5157471,-0.15,0.0,0.0,0.0,38.0,0.0,0.0,-0.12499999999999883,0.0
347.0,2024.0,11.0,30.0,11.0,50.0,45.0,46.3411555,-119.2648245,0.0,0.013000000000006501,105.50274710000001,105.5157471,0.5,0.368,0.7507222,331.00730000000004,105.5157471,-0.36000000000000004,0.07,0.0,0.0,38.0,0.0,0.0,-0.12499999999999883,0.0
348.0,2024.0,11.0,30.0,11.0,50.0,46.0,46.34115340000001,-119.2648234,0.0,0.026000000000004603,105.4897471,105.5157471,0.5,0.01,0.9634008,331.267,105.5157471,-0.01,0.0,0.0,0.0,38.0,0.0,0.0,-0.12499999999999883,0.0
349.0,2024.0,11.0,30.0,11.0,50.0,47.0,46.34115390000001,-119.264823,0.0,0.0210000000000091,105.4947471,105.5157471,0.5399999999999999,0.0,0.9040395000000002,331.42089999999996,105.5157471,0.0,0.0,0.0,0.0,38.0,0.0,0.0,-0.12499999999999883,0.0
350.0,2024.0,11.0,30.0,11.0,50.0,48.0,46.341154200000005,-119.264823,0.0,0.020000000000010003,105.49574709999999,105.5157471,0.5999999999999999,0.030000000000000006,0.8708078,331.4542,105.5157471,0.030000000000000006,0.0,0.0,0.0,38.0,0.0,0.0,-0.12499999999999883,0.0
351.0,2024.0,11.0,30.0,11.0,50.0,49.0,46.341155400000005,-119.264823,0.0,0.020000000000010003,105.49574709999999,105.5157471,0.51,0.13999999999999999,0.737987,331.58779999999996,105.5157471,0.13999999999999999,0.0,0.0,0.0,38.0,0.0,0.0,-0.12499999999999883,0.0
352.0,2024.0,11.0,30.0,11.0,50.0,50.0,46.3411568,-119.26482380000002,0.0,0.012000000000006,105.50374709999998,105.5157471,0.5,0.08,0.5958006,331.76300000000003,105.5157471,0.08,0.0,0.0,0.0,38.0,0.0,0.0,-0.12499999999999883,0.0
353.0,2024.0,11.0,30.0,11.0,50.0,51.0,46.341158,-119.26482400000002,0.0,0.0,105.5157471,105.5157471,0.5,0.0,0.470579,331.90099999999995,105.5157471,0.0,0.0,0.0,0.0,38.0,0.0,0.0,-0.12499999999999883,0.0
354.0,2024.0,11.0,30.0,11.0,50.0,52.0,46.341158,-119.26482400000002,0.0,0.0,105.5157471,105.5157471,0.5,0.0,0.470579,331.90099999999995,105.5157471,0.0,0.0,0.0,0.0,38.0,0.0,0.0,-0.12499999999999883,0.0
355.0,2024.0,11.0,30.0,11.0,50.0,53.0,46.341157,-119.2648248,0.0,0.002000000000001,105.5137471,105.5157471,0.5,0.030000000000000006,0.5968434,332.0736,105.5157471,0.0,-0.030000000000000006,0.0,0.0,38.0,0.0,0.0,-0.12499999999999883,0.0
356.0,2024.0,11.0,30.0,11.0,50.0,54.0,46.341157,-119.2648255,0.0,0.0,105.5157471,105.5157471,0.5,0.0,0.61852,332.12750000000005,105.5157471,0.0,0.0,0.0,0.0,38.0,0.0,0.0,-0.12499999999999883,0.0
357.0,2024.0,11.0,30.0,11.0,50.0,55.0,46.341157,-119.26482600000001,0.0,0.0,105.5157471,105.5157471,0.5,0.0,0.6351959999999999,332.16600000000005,105.5157471,0.0,0.0,0.0,0.0,38.0,0.0,0.0,-0.12499999999999883,0.0
358.0,2024.0,11.0,30.0,11.0,50.0,56.0,46.341157,-119.26482600000001,0.0,0.0,105.5157471,105.5157471,0.5,0.0,0.6351959999999999,332.16600000000005,105.5157471,0.0,0.0,0.0,0.0,38.0,0.0,0.0,-0.12499999999999883,0.0
359.0,2024.0,11.0,30.0,11.0,50.0,57.0,46.341157,-119.26482600000001,0.0,0.0,105.5157471,105.5157471,0.5,0.0,0.6351959999999999,332.16600000000005,105.5157471,0.0,0.0,0.0,0.0,37.5,0.0,0.0,-0.12499999999999883,0.0
360.0,2024.0,11.0,30.0,11.0,50.0,58.0,46.341157,-119.26482519999999,-0.18000000000000002,-0.18000000000000002,105.5157471,105.3357471,0.35,0.26000000000000006,0.6085144,332.2268,105.3357471,0.0,0.0,0.26000000000000006,-0.18000000000000002,33.0,0.0,0.0,-0.2549999999999989,0.0
361.0,2024.0,11.0,30.0,11.0,50.0,59.0,46.341157,-119.264825,-0.45999999999999996,-0.45999999999999996,105.5157471,105.0557471,0.07,0.15000000000000002,0.601844,332.2420000000001,105.0557471,0.0,0.0,0.15000000000000002,-0.45999999999999996,33.0,0.0,0.0,-0.45999999999999897,0.0
362.0,2024.0,11.0,30.0,11.0,51.0,0.0,46.341157,-119.264825,-0.5899999999999999,-0.5899999999999999,105.5157471,104.92574710000001,0.0,0.0,0.601844,332.2420000000001,104.92574710000001,0.0,0.0,0.0,-0.5899999999999999,33.0,0.0,0.0,-0.534999999999999,0.0
363.0,2024.0,11.0,30.0,11.0,51.0,1.0,46.341157,-119.264825,-0.48,-0.48,105.5157471,105.03574710000001,0.0,0.0,0.601844,332.2420000000001,105.03574710000001,0.0,0.0,0.0,-0.48,34.0,0.0,0.0,-0.534999999999999,0.0
364.0,2024.0,11.0,30.0,11.0,51.0,2.0,46.341157,-119.264825,0.0,0.0,105.5157471,105.5157471,0.0,0.0,0.601844,332.2420000000001,105.5157471,0.0,0.0,0.0,0.0,38.0,0.0,0.0,-0.534999999999999,0.0
365.0,2024.0,11.0,30.0,11.0,51.0,3.0,46.341157,-119.264825,0.0,0.0,105.5157471,105.5157471,0.0,0.0,0.601844,332.2420000000001,105.5157471,0.0,0.0,0.0,0.0,38.0,0.0,0.0,-0.534999999999999,0.0
366.0,2024.0,11.0,30.0,11.0,51.0,4.0,46.341157,-119.26482499999999,0.0,0.0,105.5157471,105.5157471,0.0,0.042857142857142864,0.6018439999999999,332.242,105.5157471,0.0,0.042857142857142864,0.0,0.0,38.0,0.0,0.0,-0.534999999999999,0.0
